round_end_date,trial_id,participant_id,round_number,practice_round,num_rounds_since_survey,input_lag,time_for_round, total_screen_width,total_screen_height,device_orderings,num_devices_switched,device,num_clicks,ID,IP,target_width,target_center_x,target_center_y,mouse_position_at_click_x,mouse_position_at_click_y,start_mouse_pos_x,start_mouse_pos_y,distance_between_starting_mouse_and_target,distance_between_middle_and_target,movement_error,movement_offset,movement_variability,task_axis_crossing,target_reentry,move_direction_change,ortho_move_direction_change,total_path_distance,random_seed,num_path_points,travel_path_x,travel_path_y
7/9/2018 11:02:31 AM,0,0,1,1,1,0,0.03174667,16,10,M->D->T->C,1,Mouse,1,1.321928,41.63989,2,1.300317,-2.808364,1.265474,-2.535753,-0.02200842,-0.1155114,3,3.094791,0,0,0,0,0,0,0,0,1,2,-0.02200842:-0.02200842,-0.1155114:-0.1155114
7/9/2018 11:02:33 AM,0,0,2,1,2,0,0.7586269,16,10,M->D->T->C,1,Mouse,1,1.807355,2.382403,2,4.988986,0.2354282,4.775791,0.247525,-0.01100397,0.2255225,5,4.994538,0.006889727,0.006845652,0.007115068,1,0,2,0,4.787563,1,92,-0.01100397:-0.01100397:-0.01100397:-0.01100397:-0.01100397:-0.01100397:-0.01100397:-0.01100397:-0.01100397:-0.01100397:-0.01100397:-0.01100397:-0.01100397:-0.01100397:-0.01100397:-0.01100397:-0.01100397:-0.01100397:-0.01100397:-0.01100397:-0.01100397:-0.01100397:-0.01100397:-0.01100397:-0.01100397:-0.01100397:-0.01100397:-0.01100397:-0.01100397:-0.01100397:-0.01100397:-0.01100397:-0.01100397:-0.01100397:-0.01100397:-0.01100397:-0.01100397:-0.01100397:-0.01100397:-0.01100397:-0.01100397:0.03301239:0.07702923:0.165062:0.2751036:0.4181566:0.5281982:0.8033009:1.0674:1.397524:1.716643:2.035764:2.332875:2.762035:3.015131:3.356258:3.565337:3.862449:4.049519:4.258597:4.34663:4.47868:4.544704:4.610729:4.66575:4.698762:4.72077:4.731774:4.742779:4.742779:4.742779:4.753782:4.753782:4.764787:4.764787:4.764787:4.764787:4.764787:4.764787:4.764787:4.764787:4.764787:4.764787:4.764787:4.764787:4.775791:4.775791:4.775791:4.775791:4.775791:4.775791:4.775791,0.2255225:0.2255225:0.2255225:0.2255225:0.2255225:0.2255225:0.2255225:0.2255225:0.2255225:0.2255225:0.2255225:0.2255225:0.2255225:0.2255225:0.2255225:0.2255225:0.2255225:0.2255225:0.2255225:0.2255225:0.2255225:0.2255225:0.2255225:0.2255225:0.2255225:0.2255225:0.2255225:0.2255225:0.2255225:0.2255225:0.2255225:0.2255225:0.2255225:0.2255225:0.2255225:0.2255225:0.2255225:0.2255225:0.2255225:0.2255225:0.2255225:0.2255225:0.2255225:0.2255225:0.2255225:0.2255225:0.2365237:0.247525:0.247525:0.247525:0.247525:0.247525:0.247525:0.247525:0.247525:0.247525:0.247525:0.247525:0.247525:0.247525:0.247525:0.247525:0.247525:0.247525:0.247525:0.247525:0.247525:0.247525:0.247525:0.247525:0.247525:0.247525:0.247525:0.247525:0.247525:0.247525:0.247525:0.247525:0.247525:0.247525:0.247525:0.247525:0.247525:0.247525:0.247525:0.247525:0.247525:0.247525:0.247525:0.247525:0.247525:0.247525
7/9/2018 11:02:34 AM,0,0,3,1,3,0,0.7095606,16,10,M->D->T->C,1,Mouse,1,2.169925,3.058125,2,-5.803682,4.139251,-6.316369,4.339934,0,0.2255225,7,7.128543,0.04599437,-0.04599437,0.05020516,0,0,5,0,7.546803,1,86,0:0:0:0:0:0:0:0:0:0:0:0:0:0:0:0:0:0:0:0:0:0:0:0:0:0:0:0:0:0:0:0:0:0:0:0:0:0:0:0:-0.07702875:-0.165062:-0.2861071:-0.3741403:-0.5171938:-0.6822557:-0.9353509:-1.144429:-1.452545:-1.639615:-1.969738:-2.233838:-2.541953:-2.751031:-3.136176:-3.345254:-3.686382:-3.906465:-4.247593:-4.489684:-4.797799:-4.984869:-5.292985:-5.447042:-5.656121:-5.766162:-5.909216:-5.986245:-6.118294:-6.173315:-6.250344:-6.272352:-6.305365:-6.316369:-6.316369:-6.316369:-6.316369:-6.316369:-6.316369:-6.316369:-6.316369:-6.316369:-6.316369:-6.316369:-6.316369:-6.316369,0.2255225:0.2255225:0.2255225:0.2255225:0.2255225:0.2255225:0.2255225:0.2255225:0.2255225:0.2255225:0.2255225:0.2255225:0.2255225:0.2255225:0.2255225:0.2255225:0.2255225:0.2255225:0.2255225:0.2255225:0.2255225:0.2255225:0.2255225:0.2255225:0.2255225:0.2255225:0.2255225:0.2255225:0.2255225:0.2255225:0.2255225:0.2255225:0.2255225:0.2255225:0.2255225:0.2255225:0.2255225:0.2255225:0.2255225:0.2255225:0.2585256:0.3135312:0.3795379:0.4345435:0.5115509:0.6105608:0.7645762:0.8965898:1.094609:1.215622:1.424642:1.611661:1.820682:1.963696:2.238724:2.392739:2.656765:2.79978:3.052805:3.217822:3.426843:3.547855:3.734874:3.822882:3.954896:4.009901:4.09791:4.141914:4.218922:4.251925:4.29593:4.306931:4.328933:4.339934:4.339934:4.339934:4.339934:4.339934:4.339934:4.339934:4.339934:4.339934:4.339934:4.339934:4.339934:4.339934
7/9/2018 11:02:36 AM,0,0,4,1,4,0,0.908017,16,10,M->D->T->C,1,Mouse,1,2,2.202602,1,2.56529,1.762633,2.839065,1.523652,-0.01100397,0.2255225,3,3.112489,0.2643404,-0.2643404,0.2335834,0,1,7,3,3.743287,1,109,-0.01100397:-0.01100397:-0.01100397:-0.01100397:-0.01100397:-0.01100397:-0.01100397:-0.01100397:-0.01100397:-0.01100397:-0.01100397:-0.01100397:-0.01100397:-0.01100397:-0.01100397:-0.01100397:-0.01100397:-0.01100397:-0.01100397:-0.01100397:-0.01100397:-0.01100397:-0.01100397:-0.01100397:-0.01100397:-0.01100397:-0.01100397:-0.01100397:-0.01100397:-0.01100397:-0.01100397:-0.01100397:-0.01100397:-0.01100397:-0.01100397:-0.01100397:-0.01100397:-0.01100397:-0.01100397:-0.01100397:-0.01100397:0.05502033:0.1320496:0.2200823:0.3411283:0.4731779:0.6272354:0.7922974:1.01238:1.210454:1.419533:1.628611:1.837689:2.068776:2.255846:2.45392:2.552958:2.707015:2.806052:2.905089:2.971114:3.026134:3.037139:3.048143:3.048143:3.048143:3.048143:3.048143:3.048143:3.048143:3.059147:3.070151:3.092159:3.114168:3.114168:3.114168:3.114168:3.125172:3.125172:3.114168:3.114168:3.103164:3.092159:3.081156:3.070151:3.070151:3.070151:3.059147:3.059147:3.059147:3.059147:3.048143:3.037139:3.026134:3.015131:3.004127:3.004127:2.993122:2.993122:2.982119:2.971114:2.949106:2.927097:2.894085:2.872077:2.850069:2.839065:2.839065:2.839065,0.2255225:0.2255225:0.2255225:0.2255225:0.2255225:0.2255225:0.2255225:0.2255225:0.2255225:0.2255225:0.2255225:0.2255225:0.2255225:0.2255225:0.2255225:0.2255225:0.2255225:0.2255225:0.2255225:0.2255225:0.2255225:0.2255225:0.2255225:0.2255225:0.2255225:0.2255225:0.2255225:0.2255225:0.2255225:0.2255225:0.2255225:0.2255225:0.2255225:0.2255225:0.2255225:0.2255225:0.2255225:0.2255225:0.2255225:0.2255225:0.2255225:0.2365237:0.2695268:0.3025305:0.3355336:0.3795379:0.4455447:0.5005503:0.5665565:0.6325632:0.69857:0.7755774:0.830583:0.907591:0.9735972:1.061606:1.105611:1.182618:1.237624:1.314632:1.358636:1.40264:1.413642:1.424642:1.424642:1.424642:1.424642:1.424642:1.424642:1.424642:1.424642:1.435643:1.446645:1.457646:1.457646:1.457646:1.457646:1.468647:1.479648:1.490649:1.50165:1.512651:1.523652:1.534653:1.545655:1.545655:1.545655:1.556656:1.556656:1.556656:1.556656:1.556656:1.556656:1.556656:1.556656:1.545655:1.545655:1.545655:1.545655:1.545655:1.545655:1.534653:1.534653:1.534653:1.523652:1.523652:1.523652:1.523652:1.523652
7/9/2018 11:02:37 AM,0,0,5,1,5,0,0.7590145,16,10,M->D->T->C,1,Mouse,1,2.584963,3.405683,1,-0.238451,-4.780792,-0.4181566,-4.504951,-0.02200842,0.2145213,5,4.786735,0.1116219,0.1113528,0.1237297,1,0,8,0,4.786128,1,92,-0.02200842:-0.02200842:-0.02200842:-0.02200842:-0.02200842:-0.02200842:-0.02200842:-0.02200842:-0.02200842:-0.02200842:-0.02200842:-0.02200842:-0.02200842:-0.02200842:-0.02200842:-0.02200842:-0.02200842:-0.02200842:-0.02200842:-0.02200842:-0.02200842:-0.02200842:-0.02200842:-0.02200842:-0.02200842:-0.02200842:-0.02200842:-0.02200842:-0.02200842:-0.02200842:-0.02200842:-0.02200842:-0.02200842:-0.02200842:-0.02200842:-0.02200842:-0.02200842:-0.02200842:-0.02200842:-0.02200842:-0.02200842:-0.02200842:-0.04401636:-0.05502081:-0.06602478:-0.07702875:-0.09903717:-0.09903717:-0.09903717:-0.1210456:-0.154058:-0.1760659:-0.1980743:-0.2420907:-0.2751031:-0.3081155:-0.3411279:-0.3741403:-0.3961487:-0.4181566:-0.440165:-0.4621735:-0.4731774:-0.4841814:-0.4841814:-0.4841814:-0.4841814:-0.4841814:-0.4841814:-0.4841814:-0.4841814:-0.4951859:-0.4951859:-0.4951859:-0.5061898:-0.5061898:-0.5061898:-0.4951859:-0.4841814:-0.4841814:-0.4731774:-0.4731774:-0.4731774:-0.4731774:-0.4731774:-0.4621735:-0.451169:-0.451169:-0.440165:-0.440165:-0.4291611:-0.4291611,0.2145213:0.2145213:0.2145213:0.2145213:0.2145213:0.2145213:0.2145213:0.2145213:0.2145213:0.2145213:0.2145213:0.2145213:0.2145213:0.2145213:0.2145213:0.2145213:0.2145213:0.2145213:0.2145213:0.2145213:0.2145213:0.2145213:0.2145213:0.2145213:0.2145213:0.2145213:0.2145213:0.2145213:0.2145213:0.2145213:0.2145213:0.2145213:0.2145213:0.2145213:0.2145213:0.2145213:0.2145213:0.2145213:0.2145213:0.170517:0.1155114:0.0715071:-0.005500615:-0.09350926:-0.1925191:-0.3025302:-0.4455444:-0.5995598:-0.7975799:-1.017602:-1.281628:-1.457646:-1.633663:-1.908691:-2.139714:-2.392739:-2.623763:-2.821782:-2.975798:-3.074808:-3.19582:-3.327833:-3.437844:-3.536854:-3.624862:-3.745875:-3.822882:-3.910891:-3.965897:-4.031903:-4.086909:-4.141914:-4.19692:-4.251925:-4.306931:-4.372937:-4.405941:-4.427943:-4.438944:-4.449945:-4.460946:-4.460946:-4.460946:-4.460946:-4.460946:-4.471947:-4.482948:-4.482948:-4.493949:-4.493949:-4.504951:-4.504951
7/9/2018 11:02:40 AM,0,0,6,1,6,0,1.13467,16,10,M->D->T->C,1,Mouse,2,3,2.643939,1,-6.791586,-1.513358,-6.822558,-1.633663,-0.01100397,0.2255225,7,6.958153,0.05554352,-0.04497278,0.06010976,2,0,17,1,8.029457,1,136,-0.01100397:-0.01100397:-0.01100397:-0.01100397:-0.01100397:-0.01100397:-0.01100397:-0.01100397:-0.01100397:-0.01100397:-0.01100397:-0.01100397:-0.01100397:-0.01100397:-0.01100397:-0.01100397:-0.01100397:-0.01100397:-0.01100397:-0.01100397:-0.01100397:-0.01100397:-0.01100397:-0.01100397:-0.01100397:-0.01100397:-0.01100397:-0.01100397:-0.01100397:-0.01100397:-0.01100397:-0.01100397:-0.01100397:-0.01100397:-0.01100397:-0.01100397:-0.01100397:-0.01100397:-0.01100397:-0.01100397:-0.01100397:-0.01100397:-0.01100397:-0.01100397:-0.03301239:-0.1100411:-0.1980743:-0.3741403:-0.5392022:-0.6822557:-0.8803301:-1.166438:-1.441541:-1.771664:-2.07978:-2.563962:-2.894085:-3.27923:-3.686382:-4.181568:-4.47868:-4.907841:-5.270977:-5.667125:-5.876204:-6.118294:-6.338377:-6.536451:-6.624484:-6.734526:-6.822558:-6.888583:-6.9326:-6.98762:-7.031637:-7.086658:-7.130674:-7.17469:-7.218707:-7.240715:-7.251719:-7.262723:-7.262723:-7.262723:-7.262723:-7.262723:-7.262723:-7.262723:-7.262723:-7.262723:-7.262723:-7.262723:-7.262723:-7.262723:-7.262723:-7.262723:-7.273727:-7.273727:-7.262723:-7.262723:-7.262723:-7.262723:-7.262723:-7.251719:-7.251719:-7.251719:-7.251719:-7.251719:-7.240715:-7.240715:-7.240715:-7.240715:-7.229711:-7.229711:-7.229711:-7.229711:-7.229711:-7.218707:-7.218707:-7.207703:-7.196699:-7.185695:-7.163686:-7.152682:-7.11967:-7.075654:-7.009629:-6.98762:-6.921596:-6.888583:-6.855571:-6.844567:-6.822558:-6.822558:-6.822558:-6.822558,0.2255225:0.2255225:0.2255225:0.2255225:0.2255225:0.2255225:0.2255225:0.2255225:0.2255225:0.2255225:0.2255225:0.2255225:0.2255225:0.2255225:0.2255225:0.2255225:0.2255225:0.2255225:0.2255225:0.2255225:0.2255225:0.2255225:0.2255225:0.2255225:0.2255225:0.2255225:0.2255225:0.2255225:0.2255225:0.2255225:0.2255225:0.2255225:0.2255225:0.2255225:0.2255225:0.2255225:0.2255225:0.2255225:0.2255225:0.2255225:0.2255225:0.2255225:0.2255225:0.2255225:0.2145213:0.1925194:0.1595157:0.1155114:0.0715071:0.02750278:-0.02750278:-0.1045105:-0.1925191:-0.2805281:-0.3355336:-0.4235423:-0.5115512:-0.5995598:-0.6765676:-0.7755774:-0.8415842:-0.9405941:-1.028603:-1.127613:-1.193619:-1.259626:-1.336634:-1.424643:-1.468647:-1.512651:-1.545655:-1.567657:-1.589659:-1.611661:-1.622662:-1.644664:-1.655666:-1.677668:-1.69967:-1.710671:-1.710671:-1.721672:-1.721672:-1.721672:-1.721672:-1.721672:-1.721672:-1.721672:-1.721672:-1.721672:-1.721672:-1.721672:-1.721672:-1.721672:-1.721672:-1.721672:-1.732673:-1.732673:-1.732673:-1.732673:-1.732673:-1.732673:-1.732673:-1.743674:-1.743674:-1.743674:-1.743674:-1.743674:-1.743674:-1.743674:-1.743674:-1.743674:-1.754676:-1.754676:-1.754676:-1.754676:-1.754676:-1.754676:-1.754676:-1.754676:-1.754676:-1.754676:-1.754676:-1.754676:-1.743674:-1.732673:-1.710671:-1.69967:-1.677668:-1.666667:-1.644664:-1.644664:-1.633663:-1.633663:-1.633663:-1.633663
7/9/2018 11:02:43 AM,0,0,7,0,7,0,0.4957667,16,10,M->D->T->C,2,Drawing_Tablet,1,1.321928,2.666432,2,2.999994,0.2754703,2.729023,0.247525,0,0.2695268,3,3.012615,0.008207205,-0.003919106,0.01372826,1,0,3,0,2.736221,1,59,0:0:0:0:0:0:0:0:0:0:0:0:0:0:0:0:0:0:0:0:0:0:0:0:0:0:0:0:0:0:0:0:0:0:0:0:0.01100445:0.07702923:0.1760664:0.3301239:0.5061893:0.6712513:1.01238:1.221458:1.452545:1.650619:1.925722:2.035764:2.178817:2.277854:2.387896:2.464925:2.552958:2.596973:2.64099:2.662998:2.685007:2.729023:2.729023,0.2695268:0.2695268:0.2695268:0.2695268:0.2695268:0.2695268:0.2695268:0.2695268:0.2695268:0.2695268:0.2695268:0.2695268:0.2695268:0.2695268:0.2695268:0.2695268:0.2695268:0.2695268:0.2695268:0.2695268:0.2695268:0.2695268:0.2695268:0.2695268:0.2695268:0.2695268:0.2695268:0.2695268:0.2695268:0.2695268:0.2695268:0.2695268:0.2695268:0.2695268:0.2695268:0.2695268:0.2805281:0.2805281:0.2915293:0.2915293:0.2915293:0.2915293:0.2915293:0.2695268:0.2695268:0.2695268:0.247525:0.247525:0.247525:0.247525:0.247525:0.247525:0.247525:0.247525:0.247525:0.247525:0.247525:0.247525:0.247525
7/9/2018 11:02:44 AM,0,0,8,0,8,0,0.6178385,16,10,M->D->T->C,2,Drawing_Tablet,1,1.807355,2.925287,2,-2.111894,4.762731,-1.89271,4.185919,-0.01100397,0.2255225,5,5.209962,0.0202815,-0.01638824,0.02635453,2,0,10,0,4.410159,1,75,-0.01100397:-0.01100397:-0.01100397:-0.01100397:-0.01100397:-0.01100397:-0.01100397:-0.01100397:-0.01100397:-0.01100397:-0.01100397:-0.01100397:-0.01100397:-0.01100397:-0.01100397:-0.01100397:-0.01100397:-0.01100397:-0.01100397:-0.01100397:-0.01100397:-0.01100397:-0.01100397:-0.01100397:-0.01100397:-0.01100397:-0.01100397:-0.01100397:-0.01100397:-0.01100397:-0.01100397:-0.01100397:-0.01100397:-0.01100397:-0.01100397:-0.01100397:-0.05502081:-0.1100411:-0.154058:-0.1870704:-0.2420907:-0.2861071:-0.3851442:-0.440165:-0.5612106:-0.6382394:-0.7592845:-0.8473177:-0.9573588:-1.034388:-1.155433:-1.210454:-1.309491:-1.375516:-1.496561:-1.551582:-1.628611:-1.683631:-1.749656:-1.782669:-1.826685:-1.848693:-1.870701:-1.870701:-1.881706:-1.881706:-1.881706:-1.881706:-1.89271:-1.89271:-1.89271:-1.89271:-1.89271:-1.89271:-1.89271,0.2255225:0.2255225:0.2255225:0.2255225:0.2255225:0.2255225:0.2255225:0.2255225:0.2255225:0.2255225:0.2255225:0.2255225:0.2255225:0.2255225:0.2255225:0.2255225:0.2255225:0.2255225:0.2255225:0.2255225:0.2255225:0.2255225:0.2255225:0.2255225:0.2255225:0.2255225:0.2255225:0.2255225:0.2255225:0.2255225:0.2255225:0.2255225:0.2255225:0.2255225:0.2255225:0.2255225:0.2585256:0.3135312:0.3795379:0.4345435:0.5665565:0.6875688:0.9185916:1.072607:1.325632:1.534653:1.820682:2.051705:2.315732:2.469747:2.755775:2.876788:3.096809:3.228823:3.437844:3.525853:3.668867:3.767877:3.877888:3.932893:4.020902:4.053905:4.086909:4.108911:4.130913:4.141914:4.152915:4.163916:4.185919:4.185919:4.185919:4.185919:4.185919:4.185919:4.185919
7/9/2018 11:02:45 AM,0,0,9,0,9,0,0.5936287,16,10,M->D->T->C,2,Drawing_Tablet,1,2.169925,3.655357,2,-5.814686,4.139251,-5.568088,3.558856,-0.01100397,0.2255225,7,7.137505,0.1380819,-0.1375645,0.1840725,1,0,4,0,6.545768,1,72,-0.01100397:-0.01100397:-0.01100397:-0.01100397:-0.01100397:-0.01100397:-0.01100397:-0.01100397:-0.01100397:-0.01100397:-0.01100397:-0.01100397:-0.01100397:-0.01100397:-0.01100397:-0.01100397:-0.01100397:-0.01100397:-0.01100397:-0.01100397:-0.01100397:-0.01100397:-0.01100397:-0.01100397:-0.01100397:-0.01100397:-0.01100397:-0.01100397:-0.01100397:-0.01100397:-0.01100397:-0.01100397:-0.01100397:-0.01100397:-0.01100397:-0.01100397:-0.01100397:-0.02200842:-0.06602478:-0.1430535:-0.2200828:-0.3301239:-0.5061898:-0.6492434:-0.8913341:-1.144429:-1.474553:-1.70564:-2.112792:-2.431912:-2.77304:-3.048143:-3.4663:-3.708391:-4.060523:-4.291609:-4.577717:-4.764787:-4.995873:-5.149931:-5.292985:-5.403026:-5.513067:-5.557084:-5.590096:-5.6011:-5.6011:-5.6011:-5.6011:-5.6011:-5.6011:-5.6011,0.2255225:0.2255225:0.2255225:0.2255225:0.2255225:0.2255225:0.2255225:0.2255225:0.2255225:0.2255225:0.2255225:0.2255225:0.2255225:0.2255225:0.2255225:0.2255225:0.2255225:0.2255225:0.2255225:0.2255225:0.2255225:0.2255225:0.2255225:0.2255225:0.2255225:0.2255225:0.2255225:0.2255225:0.2255225:0.2255225:0.2255225:0.2255225:0.2255225:0.2255225:0.2255225:0.2255225:0.2255225:0.2365237:0.2695268:0.3245324:0.3685367:0.4235423:0.5335534:0.5995601:0.7315731:0.8525854:1.028603:1.149615:1.336634:1.50165:1.677667:1.831683:2.051705:2.194719:2.40374:2.557756:2.755775:2.876788:3.041804:3.151815:3.261826:3.360836:3.459846:3.50385:3.536854:3.558856:3.569857:3.569857:3.569857:3.569857:3.569857:3.569857
7/9/2018 11:02:47 AM,0,0,10,0,10,0,0.7389494,16,10,M->D->T->C,2,Drawing_Tablet,1,2,2.706545,1,2.587298,1.751632,2.651995,1.578658,0.01100445,0.2145213,3,3.124472,0.2245817,-0.2245817,0.235309,0,0,1,1,4.177006,1,89,0.01100445:0.01100445:0.01100445:0.01100445:0.01100445:0.01100445:0.01100445:0.01100445:0.01100445:0.01100445:0.01100445:0.01100445:0.01100445:0.01100445:0.01100445:0.01100445:0.02200794:0.02200794:0.02200794:0.02200794:0.02200794:0.02200794:0.02200794:0.02200794:0.02200794:0.02200794:0.02200794:0.02200794:0.02200794:0.02200794:0.02200794:0.02200794:0.02200794:0.02200794:0.02200794:0.02200794:0.03301239:0.04401684:0.08803272:0.1320496:0.2200823:0.3191195:0.4621735:0.594223:0.7042637:0.9243469:1.122421:1.397524:1.683631:2.167813:2.332875:2.541953:2.751032:2.894085:3.026134:3.114168:3.191196:3.213205:3.235213:3.235213:3.235213:3.235213:3.224209:3.224209:3.224209:3.224209:3.224209:3.224209:3.224209:3.202201:3.169188:3.136176:3.092159:3.048143:3.004127:2.96011:2.883081:2.82806:2.751032:2.718019:2.696011:2.674003:2.662998:2.651995:2.651995:2.651995:2.651995:2.651995:2.651995,0.2145213:0.2145213:0.2145213:0.2145213:0.2145213:0.2145213:0.2145213:0.2145213:0.2145213:0.2145213:0.2145213:0.2145213:0.2145213:0.2145213:0.2145213:0.2145213:0.2035201:0.2035201:0.2035201:0.2035201:0.2035201:0.2035201:0.2035201:0.2035201:0.2035201:0.2035201:0.2035201:0.2035201:0.2035201:0.2035201:0.2035201:0.2035201:0.2035201:0.2035201:0.2035201:0.2035201:0.2035201:0.2035201:0.2145213:0.2255225:0.247525:0.2805281:0.3245324:0.3465348:0.3685367:0.4345435:0.489549:0.5665565:0.6655663:0.8195817:0.8855885:0.9735972:1.072607:1.149615:1.226622:1.30363:1.380638:1.413642:1.479648:1.50165:1.523652:1.523652:1.534653:1.534653:1.534653:1.534653:1.534653:1.534653:1.534653:1.545655:1.545655:1.545655:1.545655:1.545655:1.545655:1.545655:1.545655:1.545655:1.556656:1.567657:1.567657:1.578658:1.578658:1.578658:1.578658:1.578658:1.578658:1.578658:1.578658
7/9/2018 11:02:48 AM,0,0,11,0,11,0,0.988385,16,10,M->D->T->C,2,Drawing_Tablet,1,2.584963,2.61534,1,-0.238451,-4.75879,-0.07702875,-4.625963,-0.02200842,0.2365237,5,4.76476,0.07222675,-0.07159799,0.05384804,2,0,2,1,5.347432,1,110,-0.02200842:-0.02200842:-0.02200842:-0.02200842:-0.02200842:-0.02200842:-0.02200842:-0.02200842:-0.02200842:-0.02200842:-0.02200842:-0.02200842:-0.02200842:-0.02200842:-0.01100397:-0.01100397:-0.01100397:-0.01100397:-0.01100397:-0.01100397:-0.01100397:-0.01100397:-0.01100397:-0.01100397:-0.01100397:-0.01100397:-0.01100397:-0.01100397:0:0:0:0:0:0.02200794:0.02200794:0.04401684:0.04401684:0.06602478:0.07702923:0.07702923:0.07702923:0.07702923:0.07702923:0.07702923:0.07702923:0.07702923:0.07702923:0.07702923:0.07702923:0.07702923:0.04401684:0.01100445:-0.03301239:-0.07702875:-0.1210456:-0.1320496:-0.165062:-0.1870704:-0.2200828:-0.2200828:-0.2200828:-0.2200828:-0.2090783:-0.1980743:-0.1760659:-0.165062:-0.1320496:-0.1320496:-0.1320496:-0.1320496:-0.1320496:-0.1320496:-0.1320496:-0.1320496:-0.1320496:-0.1320496:-0.1320496:-0.1320496:-0.1320496:-0.1320496:-0.1320496:-0.1320496:-0.1320496:-0.1320496:-0.1320496:-0.1320496:-0.1320496:-0.1320496:-0.1320496:-0.1320496:-0.1320496:-0.1320496:-0.1320496:-0.1320496:-0.1320496:-0.1320496:-0.1320496:-0.1320496:-0.1320496:-0.1320496:-0.1320496:-0.1320496:-0.1320496:-0.1320496:-0.1320496:-0.1320496:-0.1320496:-0.1320496:-0.1320496:-0.1320496,0.2365237:0.2365237:0.2365237:0.2365237:0.2365237:0.2365237:0.2365237:0.2365237:0.2365237:0.2365237:0.2365237:0.2365237:0.2365237:0.2365237:0.2365237:0.2365237:0.2365237:0.2365237:0.2365237:0.2365237:0.2365237:0.2365237:0.2365237:0.2365237:0.2365237:0.2365237:0.2365237:0.2365237:0.2365237:0.2365237:0.2365237:0.2365237:0.2365237:0.2365237:0.2365237:0.2365237:0.2365237:0.2255225:0.2035201:0.170517:0.1155114:0.04950523:-0.03850371:-0.1375139:-0.2915293:-0.4345435:-0.6545654:-0.830583:-1.083608:-1.325633:-1.611661:-1.853685:-2.161716:-2.447745:-2.744775:-2.964797:-3.349835:-3.580858:-3.888889:-4.031903:-4.284928:-4.449945:-4.592959:-4.713971:-4.845984:-4.922992:-5:-5:-5:-5:-5:-5:-5:-5:-5:-5:-5:-5:-5:-5:-5:-5:-5:-5:-5:-5:-5:-5:-5:-5:-5:-5:-5:-5:-5:-5:-5:-5:-5:-5:-5:-5:-5:-5:-5:-5:-5:-5:-5:-5
7/9/2018 11:02:53 AM,0,0,12,0,12,0,0.9405954,16,10,M->D->T->C,3,Touchscreen,1,3,3.189469,1,6.944965,-0.1346468,6.811554,-0.0715071,-0.05502081,-0.1485148,7,6.94627,0.04589722,0.04487316,0.051541,1,0,2,0,6.876036,1,113,-0.05502081:-0.05502081:-0.05502081:-0.05502081:-0.05502081:-0.05502081:-0.05502081:-0.05502081:-0.05502081:-0.05502081:-0.05502081:-0.05502081:-0.05502081:-0.05502081:-0.05502081:-0.05502081:-0.05502081:-0.05502081:-0.05502081:-0.05502081:-0.05502081:-0.05502081:-0.05502081:-0.05502081:-0.05502081:-0.05502081:-0.05502081:-0.05502081:-0.05502081:-0.05502081:-0.05502081:-0.05502081:-0.05502081:-0.05502081:-0.05502081:-0.05502081:-0.05502081:-0.05502081:-0.05502081:-0.05502081:-0.05502081:-0.05502081:-0.05502081:-0.05502081:0.01100445:0.07702923:0.2530947:0.3631363:0.6052265:0.8253098:1.177442:1.463549:1.848693:2.101789:2.508941:2.784044:3.136176:3.422283:3.774415:3.972489:4.247593:4.456672:4.731774:4.918844:5.215956:5.370014:5.524072:5.6011:5.711142:5.788171:5.843191:5.898211:5.953233:5.997249:6.041265:6.063273:6.074278:6.085282:6.085282:6.085282:6.085282:6.085282:6.085282:6.085282:6.085282:6.085282:6.085282:6.085282:6.085282:6.085282:6.085282:6.085282:6.085282:6.085282:6.085282:6.085282:6.085282:6.085282:6.085282:6.140303:6.173315:6.228335:6.261348:6.316369:6.371389:6.437414:6.503439:6.602476:6.646492:6.745529:6.778542:6.80055:6.811554,-0.1485148:-0.1485148:-0.1485148:-0.1485148:-0.1485148:-0.1485148:-0.1485148:-0.1485148:-0.1485148:-0.1485148:-0.1485148:-0.1485148:-0.1485148:-0.1485148:-0.1485148:-0.1485148:-0.1485148:-0.1485148:-0.1485148:-0.1485148:-0.1485148:-0.1485148:-0.1485148:-0.1485148:-0.1485148:-0.1485148:-0.1485148:-0.1485148:-0.1485148:-0.1485148:-0.1485148:-0.1485148:-0.1485148:-0.1485148:-0.1485148:-0.1485148:-0.1485148:-0.1485148:-0.1485148:-0.1485148:-0.1485148:-0.1485148:-0.1485148:-0.1485148:-0.1485148:-0.1485148:-0.1485148:-0.1485148:-0.1485148:-0.1485148:-0.1485148:-0.1485148:-0.1485148:-0.1485148:-0.1485148:-0.1485148:-0.1485148:-0.1485148:-0.1485148:-0.1485148:-0.1375139:-0.1265126:-0.09350926:-0.0715071:-0.04950494:-0.03850371:-0.02750278:-0.02750278:-0.02750278:-0.02750278:-0.02750278:-0.02750278:-0.02750278:-0.02750278:-0.02750278:-0.02750278:-0.02750278:-0.02750278:-0.02750278:-0.02750278:-0.02750278:-0.02750278:-0.02750278:-0.02750278:-0.02750278:-0.02750278:-0.02750278:-0.02750278:-0.02750278:-0.02750278:-0.02750278:-0.02750278:-0.02750278:-0.02750278:-0.02750278:-0.02750278:-0.02750278:-0.02750278:-0.02750278:-0.03850371:-0.03850371:-0.03850371:-0.03850371:-0.03850371:-0.03850371:-0.03850371:-0.03850371:-0.04950494:-0.04950494:-0.06050617:-0.0715071:-0.0715071:-0.0715071
7/9/2018 11:02:54 AM,0,0,13,0,13,0,0.4943166,16,10,M->D->T->C,3,Touchscreen,1,1.321928,2.674254,2,-1.260534,2.936847,-1.694635,2.447745,0,0.2145213,3,3.195937,0.1806469,-0.1806469,0.2411813,0,0,5,0,2.86655,1,60,0:0:0:0:0:0:0:0:0:0:0:0:0:0:0:0:0:0:0:0:0:0:0:0:0:0:-0.01100397:-0.02200842:-0.02200842:-0.04401636:-0.05502081:-0.06602478:-0.07702875:-0.0880332:-0.09903717:-0.1210456:-0.1430535:-0.1760659:-0.2090783:-0.2751031:-0.3301239:-0.4181566:-0.4951859:-0.616231:-0.7372766:-0.8693261:-0.9683633:-1.111417:-1.221458:-1.331499:-1.419532:-1.518569:-1.584594:-1.628611:-1.639615:-1.672627:-1.683631:-1.694635:-1.694635:-1.694635,0.2145213:0.2145213:0.2145213:0.2145213:0.2145213:0.2145213:0.2145213:0.2145213:0.2145213:0.2145213:0.2145213:0.2145213:0.2145213:0.2145213:0.2145213:0.2145213:0.2145213:0.2145213:0.2145213:0.2145213:0.2145213:0.2145213:0.2145213:0.2145213:0.2145213:0.2145213:0.2145213:0.2145213:0.2145213:0.2145213:0.2145213:0.2145213:0.2145213:0.2145213:0.2255225:0.247525:0.2695268:0.3135312:0.3575355:0.4455447:0.5115509:0.621562:0.7205719:0.8745873:1.006601:1.171617:1.270627:1.435643:1.556656:1.710671:1.842684:2.007701:2.139714:2.227723:2.30473:2.359736:2.414742:2.436743:2.447745:2.447745
7/9/2018 11:02:55 AM,0,0,14,0,14,0,0.518914,16,10,M->D->T->C,3,Touchscreen,1,1.807355,3.482957,2,-4.156492,3.021043,-4.335626,3.074808,-0.01100397,0.2255225,5,5.138397,0.1223975,-0.122209,0.1844859,0,0,4,0,5.371466,1,63,-0.01100397:-0.01100397:-0.01100397:-0.01100397:-0.01100397:-0.01100397:-0.01100397:-0.01100397:-0.01100397:-0.01100397:-0.01100397:-0.01100397:-0.01100397:-0.01100397:-0.01100397:-0.01100397:-0.01100397:-0.01100397:-0.01100397:-0.01100397:-0.01100397:-0.01100397:-0.01100397:-0.01100397:-0.01100397:-0.01100397:-0.01100397:-0.01100397:-0.01100397:-0.01100397:-0.01100397:-0.02200842:-0.02200842:-0.0880332:-0.1210456:-0.2090783:-0.2751031:-0.3851442:-0.4731774:-0.6602478:-0.8033013:-1.089408:-1.320495:-1.683631:-1.914718:-2.310866:-2.629986:-2.938102:-3.14718:-3.477304:-3.631362:-3.862448:-3.983494:-4.060523:-4.126547:-4.170564:-4.203576:-4.236588:-4.258597:-4.302613:-4.324622:-4.335626:-4.335626,0.2255225:0.2255225:0.2255225:0.2255225:0.2255225:0.2255225:0.2255225:0.2255225:0.2255225:0.2255225:0.2255225:0.2255225:0.2255225:0.2255225:0.2255225:0.2255225:0.2255225:0.2255225:0.2255225:0.2255225:0.2255225:0.2255225:0.2255225:0.2255225:0.2255225:0.2255225:0.2255225:0.2255225:0.2255225:0.2255225:0.2255225:0.2365237:0.2365237:0.2365237:0.247525:0.2805281:0.3135312:0.3795379:0.4235423:0.5335534:0.6105608:0.7425743:0.830583:0.9845984:1.083608:1.248625:1.391639:1.556656:1.677667:1.89769:2.007701:2.161716:2.315732:2.425743:2.546754:2.678768:2.777778:2.887789:2.942795:3.019802:3.063806:3.074808:3.074808
7/9/2018 11:02:56 AM,0,0,15,0,15,0,0.8832151,16,10,M->D->T->C,3,Touchscreen,1,2.169925,2.456848,2,6.000349,3.812114,5.6011,3.591859,-0.01100397,0.2255225,7,7.108896,0.1256854,0.03229861,0.1849741,1,0,4,0,6.782532,1,106,-0.01100397:-0.01100397:-0.01100397:-0.01100397:-0.01100397:-0.01100397:-0.01100397:-0.01100397:-0.01100397:-0.01100397:-0.01100397:-0.01100397:-0.01100397:-0.01100397:-0.01100397:-0.01100397:-0.01100397:-0.01100397:-0.01100397:-0.01100397:-0.01100397:-0.01100397:-0.01100397:-0.01100397:-0.01100397:-0.01100397:-0.01100397:-0.01100397:-0.01100397:-0.01100397:-0.01100397:-0.01100397:-0.01100397:-0.01100397:-0.01100397:-0.01100397:-0.01100397:-0.01100397:-0.01100397:-0.01100397:-0.01100397:-0.01100397:-0.01100397:-0.01100397:0.05502033:0.165062:0.2640991:0.4071531:0.4841814:0.6932602:0.8253098:1.144429:1.408528:1.716643:1.958735:2.277854:2.486933:2.850069:3.037139:3.33425:3.499312:3.763412:3.884457:4.104539:4.192573:4.313618:4.379642:4.456672:4.500688:4.555708:4.599725:4.654745:4.687757:4.72077:4.753782:4.764787:4.764787:4.764787:4.764787:4.775791:4.775791:4.797799:4.819807:4.852819:4.863824:4.885832:4.907841:4.907841:4.929849:4.951857:4.973866:5.017881:5.083906:5.149931:5.204952:5.259973:5.325997:5.403027:5.41403:5.436039:5.469051:5.502063:5.535075:5.568088:5.590096:5.6011,0.2255225:0.2255225:0.2255225:0.2255225:0.2255225:0.2255225:0.2255225:0.2255225:0.2255225:0.2255225:0.2255225:0.2255225:0.2255225:0.2255225:0.2255225:0.2255225:0.2255225:0.2255225:0.2255225:0.2255225:0.2255225:0.2255225:0.2255225:0.2255225:0.2255225:0.2255225:0.2255225:0.2255225:0.2255225:0.2255225:0.2255225:0.2255225:0.2255225:0.2255225:0.2255225:0.2255225:0.2255225:0.2255225:0.2255225:0.2255225:0.2255225:0.2255225:0.2255225:0.2255225:0.247525:0.2805281:0.3135312:0.3465348:0.3685367:0.412541:0.4675466:0.5885589:0.7095712:0.8415842:0.9625965:1.138614:1.259626:1.479648:1.611661:1.831683:1.974698:2.216722:2.315732:2.524753:2.634764:2.777778:2.876788:2.997799:3.074808:3.184819:3.250825:3.327833:3.371837:3.415842:3.448845:3.459846:3.459846:3.459846:3.459846:3.459846:3.459846:3.470847:3.470847:3.470847:3.481848:3.481848:3.492849:3.492849:3.492849:3.50385:3.50385:3.50385:3.514851:3.525853:3.536854:3.547855:3.558856:3.569857:3.569857:3.569857:3.569857:3.580858:3.591859:3.591859:3.591859:3.591859
7/9/2018 11:02:57 AM,0,0,16,0,16,0,0.4618708,16,10,M->D->T->C,3,Touchscreen,1,2,4.330215,1,-0.151874,-2.793668,-0.3411279,-2.491749,-0.02200842,0.2035201,3,2.797793,0.09225889,0.09225889,0.09957974,0,0,3,0,2.766139,1,56,-0.02200842:-0.02200842:-0.02200842:-0.02200842:-0.02200842:-0.02200842:-0.02200842:-0.02200842:-0.02200842:-0.02200842:-0.02200842:-0.02200842:-0.02200842:-0.02200842:-0.02200842:-0.02200842:-0.02200842:-0.02200842:-0.02200842:-0.02200842:-0.02200842:-0.02200842:-0.02200842:-0.03301239:-0.04401636:-0.04401636:-0.04401636:-0.05502081:-0.05502081:-0.06602478:-0.07702875:-0.09903717:-0.1210456:-0.165062:-0.1980743:-0.2200828:-0.2420907:-0.2640991:-0.2751031:-0.2751031:-0.2971115:-0.3191195:-0.3411279:-0.3411279:-0.3411279:-0.3411279:-0.3411279:-0.3411279:-0.3411279:-0.3411279:-0.3411279:-0.3411279:-0.3411279:-0.3411279:-0.3411279:-0.3411279,0.2035201:0.2035201:0.2035201:0.2035201:0.2035201:0.2035201:0.2035201:0.2035201:0.2035201:0.2035201:0.2035201:0.2035201:0.2035201:0.2035201:0.2035201:0.2035201:0.2035201:0.2035201:0.2035201:0.2035201:0.2035201:0.2035201:0.2035201:0.2035201:0.2035201:0.2035201:0.2035201:0.1925194:0.1925194:0.1815182:0.1595157:0.1155114:0.04950523:-0.03850371:-0.1045105:-0.2035204:-0.3135315:-0.5115512:-0.6435645:-0.8085808:-0.9405941:-1.171617:-1.40264:-1.644664:-1.842684:-2.073707:-2.150715:-2.29373:-2.381738:-2.447745:-2.469747:-2.480748:-2.491749:-2.491749:-2.491749:-2.491749
7/9/2018 11:02:58 AM,0,0,17,0,17,0,0.5036917,16,10,M->D->T->C,3,Touchscreen,1,2.584963,5.132033,1,-4.854277,-1.027537,-5.160935,-1.050605,-0.01100397,0.2145213,5,4.961838,0.01963348,0.0192932,0.0270148,0,0,10,0,5.311027,1,61,-0.01100397:-0.01100397:-0.01100397:-0.01100397:-0.01100397:-0.01100397:-0.01100397:-0.01100397:-0.01100397:-0.01100397:-0.01100397:-0.01100397:-0.01100397:-0.01100397:-0.01100397:-0.01100397:-0.01100397:-0.01100397:-0.01100397:-0.01100397:-0.01100397:-0.01100397:-0.01100397:-0.01100397:-0.01100397:-0.01100397:-0.01100397:-0.01100397:-0.01100397:-0.01100397:-0.01100397:-0.02200842:-0.04401636:-0.06602478:-0.1210456:-0.165062:-0.2420907:-0.3191195:-0.4181566:-0.5392022:-0.7702889:-0.9793673:-1.287483:-1.496561:-1.89271:-2.178817:-2.651995:-3.004127:-3.422283:-3.686382:-4.115543:-4.390646:-4.753783:-4.885832:-5.050894:-5.127923:-5.160935:-5.160935:-5.160935:-5.160935:-5.160935,0.2145213:0.2145213:0.2145213:0.2145213:0.2145213:0.2145213:0.2145213:0.2145213:0.2145213:0.2145213:0.2145213:0.2145213:0.2145213:0.2145213:0.2145213:0.2145213:0.2145213:0.2145213:0.2145213:0.2145213:0.2145213:0.2145213:0.2145213:0.2145213:0.2145213:0.2145213:0.2145213:0.2145213:0.2145213:0.2145213:0.2145213:0.2035201:0.2035201:0.2035201:0.2035201:0.2035201:0.1925194:0.170517:0.1375139:0.1045102:0.04950523:-0.005500615:-0.09350926:-0.159516:-0.2585259:-0.3355336:-0.4345435:-0.50055:-0.6105611:-0.6765676:-0.7865787:-0.830583:-0.9185919:-0.9515953:-1.006601:-1.028603:-1.039604:-1.039604:-1.039604:-1.039604:-1.039604
7/9/2018 11:02:59 AM,0,0,18,0,18,0,0.5767179,16,10,M->D->T->C,3,Touchscreen,1,3,5.20185,1,6.946038,1.908333,6.514442,1.787679,0.1540575,0.2145213,7,7.203414,0.01116575,-0.0004660907,0.02222747,2,0,8,0,6.565574,1,70,0.1540575:0.1540575:0.1540575:0.1540575:0.1540575:0.1540575:0.1540575:0.1540575:0.1540575:0.1540575:0.1540575:0.1540575:0.1540575:0.1540575:0.1540575:0.1540575:0.1540575:0.1540575:0.1540575:0.1540575:0.1540575:0.1540575:0.1540575:0.1540575:0.1540575:0.1540575:0.1540575:0.1540575:0.1540575:0.1540575:0.1540575:0.1540575:0.1540575:0.1540575:0.1540575:0.1540575:0.1540575:0.165062:0.1870699:0.3191195:0.4181566:0.6492434:0.8913345:1.320496:1.617606:2.178817:2.618982:3.158184:3.576341:4.192573:4.58872:5.083906:5.35901:5.744154:5.931224:6.195323:6.283357:6.404402:6.448419:6.459422:6.459422:6.459422:6.470427:6.470427:6.470427:6.492435:6.503439:6.514442:6.514442:6.514442,0.2145213:0.2145213:0.2145213:0.2145213:0.2145213:0.2145213:0.2145213:0.2145213:0.2145213:0.2145213:0.2145213:0.2145213:0.2145213:0.2145213:0.2145213:0.2145213:0.2145213:0.2145213:0.2145213:0.2145213:0.2145213:0.2145213:0.2145213:0.2145213:0.2145213:0.2145213:0.2145213:0.2145213:0.2145213:0.2145213:0.2145213:0.2145213:0.2145213:0.2145213:0.2145213:0.2145213:0.2145213:0.2145213:0.2255225:0.2255225:0.2365237:0.2805281:0.3355336:0.4455447:0.5335534:0.6875688:0.8085811:0.9625965:1.083608:1.248625:1.358636:1.50165:1.567657:1.677667:1.710671:1.754676:1.765677:1.776677:1.787679:1.787679:1.787679:1.787679:1.787679:1.787679:1.787679:1.787679:1.787679:1.787679:1.787679:1.787679
7/9/2018 11:04:16 AM,0,0,19,0,19,50,0.9325689,16,10,M->D->T->C,4,Controller,1,1.321928,1.417513,2,2.999994,0.005943422,2.965982,-0.01514109,0,0,3,3,0.005899409,-0.005899409,0.008243942,0,0,0,0,2.966071,1,113,0:0:0:0:0:0:0:0:0:0:0:0:0:0:0:0:0:0:0:0:0:0:0:0:0:0:0:0:0:0:0:0:0:0:0:0:0:0:0:0:0:0:0:0:0:0:0:0:0:0:0:0:0:0:0:0:0:0:0:0:0:0:0:0:0:0.01377981:0.0395227:0.09038853:0.151495:0.2151333:0.2791332:0.3511331:0.415133:0.4791329:0.543133:0.6151331:0.6791332:0.7431334:0.8071335:0.8791336:0.9431338:1.007134:1.071134:1.135134:1.207134:1.271134:1.335135:1.407135:1.471135:1.535135:1.599135:1.671135:1.727135:1.799135:1.863136:1.927136:1.999136:2.063135:2.127134:2.191133:2.263133:2.327132:2.391131:2.45513:2.519129:2.591128:2.655128:2.719127:2.783126:2.855125:2.907293:2.959461:2.965982,0:0:0:0:0:0:0:0:0:0:0:0:0:0:0:0:0:0:0:0:0:0:0:0:0:0:0:0:0:0:0:0:0:0:0:0:0:0:0:0:0:0:0:0:0:0:0:0:0:0:0:0:0:0:0:0:0:0:0:0:0:0:0:0:0:0:0:0:0:-0.0007335555:-0.001571905:-0.002515048:-0.003353396:-0.004191746:-0.005030096:-0.00597324:-0.006811591:-0.007649941:-0.008488289:-0.009431429:-0.01026978:-0.01110812:-0.01194647:-0.01278482:-0.01372796:-0.01378746:-0.01384696:-0.0139139:-0.0139734:-0.0140329:-0.0140924:-0.01415933:-0.0142114:-0.01427833:-0.01433783:-0.01439734:-0.01446427:-0.01452377:-0.01458327:-0.01464277:-0.01470971:-0.01476921:-0.01482871:-0.01488821:-0.01494771:-0.01501465:-0.01507415:-0.01513365:-0.01514109:-0.01514109:-0.01514109:-0.01514109:-0.01514109
7/9/2018 11:04:18 AM,0,0,20,0,20,50,1.045738,16,10,M->D->T->C,4,Controller,1,1.807355,1.728305,2,-2.10089,4.537209,-1.166874,4.476296,0,0,5,5,0.5500504,0.5500504,0.5468721,0,0,1,0,5.05979,1,127,0:0:0:0:0:0:0:0:0:0:0:0:0:0:0:0:0:0:0:0:0:0:0:0:0:0:0:0:0:0:0:0:0:0:0:0:0:0:0:0:0:0:0:0:0:0:0:0:0:0:0:0:-9.214967E-05:-0.0001974636:-0.0003159418:-0.0004212558:-0.0005265697:-0.0006318837:-0.0007503619:-0.0008556758:-0.0009609898:-0.001066304:-0.001184782:-0.001290096:-0.00139541:-0.001500724:-0.001619202:-0.001724516:-0.00182983:-0.001935144:-0.002502523:-0.003215086:-0.003848474:-0.004481863:-0.005115252:-0.005827814:-0.006461203:-0.007094592:-0.007727981:-0.008361369:-0.009073932:-0.00970732:-0.01034071:-0.01105327:-0.01168666:-0.01363421:-0.01715875:-0.02229314:-0.02832804:-0.03474373:-0.04185146:-0.04905805:-0.05716546:-0.06516055:-0.07315562:-0.08115069:-0.0898357:-0.09971723:-0.1085008:-0.1186643:-0.1306347:-0.1454139:-0.1591937:-0.1748133:-0.1904329:-0.2087935:-0.2265157:-0.2489714:-0.2714271:-0.2957226:-0.3286097:-0.3615835:-0.396397:-0.4369951:-0.4835553:-0.5288868:-0.5742183:-0.6225396:-0.6805379:-0.7348081:-0.7919723:-0.8498262:-0.9158114:-0.9745525:-1.033556:-1.09279:-1.152057,0:0:0:0:0:0:0:0:0:0:0:0:0:0:0:0:0:0:0:0:0:0:0:0:0:0:0:0:0:0:0:0:0:0:0:0:0:0:0:0:0:0:0:0:0:0:0.0132452:0.02838258:0.05921331:0.09793742:0.1498594:0.2091815:0.2725968:0.3365967:0.4085965:0.4725964:0.5365965:0.6005966:0.6725968:0.7365969:0.800597:0.8645971:0.9365973:1.000597:1.064597:1.128598:1.200598:1.264598:1.328598:1.392598:1.456598:1.528598:1.592599:1.656599:1.720599:1.792599:1.856599:1.920599:1.984599:2.048599:2.120598:2.184597:2.248596:2.320595:2.384594:2.448594:2.512593:2.576592:2.648591:2.71259:2.776589:2.840589:2.912588:2.976587:3.040586:3.104585:3.168584:3.240583:3.304583:3.368129:3.430928:3.501204:3.562605:3.623227:3.683848:3.751269:3.810591:3.868353:3.926115:3.982058:4.041322:4.091806:4.141155:4.185338:4.23424:4.273547:4.312853:4.346479:4.378455:4.403212:4.418871:4.4318:4.443828:4.452987:4.461108:4.468549:4.474981
7/9/2018 11:04:20 AM,0,0,21,0,21,50,1.370354,16,10,M->D->T->C,4,Controller,1,2.169925,1.583478,2,-5.803682,3.913729,-5.9358,3.884961,0,0,7,7,0.5739421,-0.5739421,0.502993,0,0,1,0,7.641521,1,165,0:0:0:0:0:0:0:0:0:0:0:0:0:0:0:0:0:0:0:0:0:0:0:0:0:0:0:0:0:0:0:0:0:0:0:0:0:0:0:0:0:0:0:0:-0.01982735:-0.04990756:-0.1039151:-0.166601:-0.2371226:-0.2919728:-0.3624945:-0.4251804:-0.4878664:-0.5583881:-0.6210741:-0.68376:-0.7542818:-0.816705:-0.8713253:-0.9415514:-1.003975:-1.066397:-1.12882:-1.19065:-1.259986:-1.321618:-1.38325:-1.444883:-1.514219:-1.575851:-1.637483:-1.699115:-1.768451:-1.830084:-1.891716:-1.953348:-2.01498:-2.084316:-2.145948:-2.207581:-2.269213:-2.338549:-2.400181:-2.461813:-2.531149:-2.592782:-2.654414:-2.716046:-2.777678:-2.847014:-2.908646:-2.970279:-3.031911:-3.093543:-3.162879:-3.224511:-3.286143:-3.347775:-3.417112:-3.478744:-3.540376:-3.602008:-3.671344:-3.731399:-3.791454:-3.851509:-3.91907:-3.978074:-4.035237:-4.08964:-4.143188:-4.202039:-4.253946:-4.305852:-4.357068:-4.414048:-4.464639:-4.51365:-4.561052:-4.613595:-4.659451:-4.70268:-4.744526:-4.786175:-4.830138:-4.865741:-4.899274:-4.93136:-4.965955:-4.996561:-5.02559:-5.053929:-5.08491:-5.11236:-5.139811:-5.167262:-5.194712:-5.224808:-5.251473:-5.278138:-5.304802:-5.3348:-5.361465:-5.38813:-5.418128:-5.444792:-5.471457:-5.498122:-5.524786:-5.554784:-5.581449:-5.608114:-5.634778:-5.664776:-5.691441:-5.718106:-5.744771:-5.771435:-5.801433:-5.828098:-5.85545:-5.882901:-5.911154:-5.928877:-5.93503,0:0:0:0:0:0:0:0:0:0:0:0:0:0:0:0:0:0:0:0:0:0:0:0:0:0:0:0:0:0:0:0:0:0:0:0:0:0:0:0:0:0:0:0:0:0.0008431718:0.01026335:0.02410344:0.03967354:0.05178361:0.0673537:0.08119377:0.09503385:0.1106039:0.124444:0.1382841:0.1538542:0.1684732:0.1812648:0.1977112:0.2132395:0.2288978:0.2452375:0.2618698:0.2806544:0.2973518:0.3140492:0.3307466:0.3495312:0.3662286:0.382926:0.3996234:0.418408:0.4351054:0.4518028:0.4685002:0.4851976:0.5039822:0.5206797:0.5373771:0.5540745:0.572859:0.5895565:0.6062539:0.6250384:0.6417359:0.6584333:0.6751307:0.6918281:0.7106127:0.7273101:0.7440075:0.7607049:0.7780861:0.7977499:0.8152289:0.8327078:0.8501868:0.8698506:0.8873295:0.9048085:0.9222874:0.9419512:0.9607272:0.9795031:1.000782:1.026422:1.051696:1.078791:1.109523:1.141913:1.179833:1.214724:1.249615:1.285643:1.327396:1.364626:1.403676:1.443864:1.490297:1.532204:1.575932:1.619888:1.663876:1.714662:1.763068:1.813521:1.865859:1.925774:1.979119:2.033503:2.088114:2.150368:2.205792:2.261215:2.316639:2.372063:2.434674:2.490357:2.54604:2.601723:2.664367:2.72005:2.775733:2.838377:2.89406:2.949743:3.005426:3.061109:3.123753:3.179436:3.235119:3.290802:3.353446:3.409129:3.464812:3.520495:3.576178:3.638822:3.694505:3.749052:3.797523:3.843565:3.871439:3.883459
7/9/2018 11:04:22 AM,0,0,22,0,22,50,1.787762,16,10,M->D->T->C,4,Controller,3,2,1.118717,1,2.576294,1.537111,3.019892,1.367453,0,0,3,3,0.1784624,-0.1784624,0.1361957,0,1,3,1,4.295685,1,217,0:0:0:0:0:0:0:0:0:0:0:0:0:0:0:0:0:0:0:0:0:0:0:0:0:0:0:0:0:0:0:0:0:0:0:0:0:0:0:0:0:0:0:0:0:0:0:0:0:0:0:0:0:0.01320722:0.03658462:0.07262848:0.1132268:0.1619753:0.2183173:0.2757441:0.3403491:0.3977758:0.4552025:0.5198076:0.5772345:0.6346614:0.6920884:0.7566937:0.8141206:0.8715475:0.9289744:0.9935797:1.043828:1.108433:1.165859:1.230464:1.28789:1.345317:1.402743:1.46017:1.517596:1.582201:1.639627:1.697054:1.761659:1.819085:1.876511:1.933938:1.998543:2.055969:2.106217:2.170822:2.228249:2.285675:2.343102:2.407706:2.465363:2.523053:2.580512:2.644329:2.700705:2.764127:2.820503:2.869142:2.931678:2.993622:3.048155:3.1019:3.155415:3.21371:3.259566:3.296485:3.324201:3.342318:3.344435:3.344435:3.344435:3.344435:3.344435:3.344435:3.344435:3.344435:3.344435:3.344435:3.344435:3.344435:3.344435:3.344435:3.344435:3.344435:3.344435:3.344435:3.344435:3.344435:3.344435:3.344435:3.344435:3.344435:3.344435:3.344435:3.344435:3.344435:3.344435:3.344435:3.344435:3.344435:3.344435:3.344435:3.344435:3.344435:3.344435:3.344435:3.344435:3.344435:3.344435:3.344435:3.344435:3.344435:3.344435:3.344435:3.344435:3.344435:3.344435:3.344113:3.337389:3.325714:3.310588:3.288757:3.263199:3.236536:3.206455:3.174073:3.137273:3.104035:3.070798:3.041933:3.019892:3.019892:3.019892:3.019892:3.019892:3.019892:3.019892:3.019892:3.019892:3.019892:3.019892:3.019892:3.019892:3.019892:3.019892:3.019892:3.019892:3.019892:3.019892:3.019892:3.019892:3.019892:3.019892:3.019892:3.019892:3.019892:3.019892:3.019892:3.019892:3.019892:3.019892:3.019892:3.019892:3.019892:3.019892:3.019892:3.019892:3.019892:3.019892:3.019892:3.019892,0:0:0:0:0:0:0:0:0:0:0:0:0:0:0:0:0:0:0:0:0:0:0:0:0:0:0:0:0:0:0:0:0:0:0:0:0:0:0:0:0:0:0:0:0:0:0:0:0:0:0:0:0:0.006651797:0.01902853:0.03735837:0.05717608:0.07985117:0.1068473:0.1344608:0.1655259:0.1931393:0.2207527:0.2518177:0.2794311:0.3070445:0.3346579:0.365723:0.3933364:0.4209498:0.4485632:0.4796283:0.5037901:0.5348554:0.5624691:0.5935344:0.621148:0.6487617:0.6763753:0.703989:0.7316026:0.762668:0.7902816:0.8178952:0.8489606:0.8765742:0.9041879:0.9318015:0.9628668:0.9904805:1.014642:1.045708:1.074005:1.103081:1.133164:1.167835:1.199737:1.23177:1.264485:1.302178:1.33655:1.375219:1.409591:1.440349:1.479894:1.520315:1.557284:1.594514:1.632427:1.674539:1.707351:1.732625:1.746301:1.748541:1.748647:1.748647:1.748647:1.748647:1.748647:1.748647:1.748647:1.748647:1.748647:1.748647:1.748647:1.748647:1.748647:1.748647:1.748647:1.748647:1.748647:1.748647:1.748647:1.748647:1.748647:1.748647:1.748647:1.748647:1.748647:1.748647:1.748647:1.748647:1.748647:1.748647:1.748647:1.748647:1.748647:1.748647:1.748647:1.748647:1.748647:1.748647:1.748647:1.748647:1.748647:1.748647:1.748647:1.748647:1.748647:1.748647:1.748647:1.748647:1.748647:1.733357:1.70876:1.681152:1.65195:1.620246:1.584215:1.551668:1.519121:1.487711:1.452558:1.424428:1.396299:1.377948:1.367453:1.367453:1.367453:1.367453:1.367453:1.367453:1.367453:1.367453:1.367453:1.367453:1.367453:1.367453:1.367453:1.367453:1.367453:1.367453:1.367453:1.367453:1.367453:1.367453:1.367453:1.367453:1.367453:1.367453:1.367453:1.367453:1.367453:1.367453:1.367453:1.367453:1.367453:1.367453:1.367453:1.367453:1.367453:1.367453:1.367453:1.367453:1.367453:1.367453:1.367453
7/9/2018 11:04:24 AM,0,0,23,0,23,50,1.057768,16,10,M->D->T->C,4,Controller,1,2.584963,2.443789,1,-0.2226301,-4.995313,-0.00618748,-4.829826,-0.00618748,0,5,5.000272,0.06954182,-0.06954182,0.07459085,0,0,0,0,4.829826,1,128,-0.00618748:-0.00618748:-0.00618748:-0.00618748:-0.00618748:-0.00618748:-0.00618748:-0.00618748:-0.00618748:-0.00618748:-0.00618748:-0.00618748:-0.00618748:-0.00618748:-0.00618748:-0.00618748:-0.00618748:-0.00618748:-0.00618748:-0.00618748:-0.00618748:-0.00618748:-0.00618748:-0.00618748:-0.00618748:-0.00618748:-0.00618748:-0.00618748:-0.00618748:-0.00618748:-0.00618748:-0.00618748:-0.00618748:-0.00618748:-0.00618748:-0.00618748:-0.00618748:-0.00618748:-0.00618748:-0.00618748:-0.00618748:-0.00618748:-0.00618748:-0.00618748:-0.00618748:-0.00618748:-0.00618748:-0.00618748:-0.00618748:-0.00618748:-0.00618748:-0.00618748:-0.00618748:-0.00618748:-0.00618748:-0.00618748:-0.00618748:-0.00618748:-0.00618748:-0.00618748:-0.00618748:-0.00618748:-0.00618748:-0.00618748:-0.00618748:-0.00618748:-0.00618748:-0.00618748:-0.00618748:-0.00618748:-0.00618748:-0.00618748:-0.00618748:-0.00618748:-0.00618748:-0.00618748:-0.00618748:-0.00618748:-0.00618748:-0.00618748:-0.00618748:-0.00618748:-0.00618748:-0.00618748:-0.00618748:-0.00618748:-0.00618748:-0.00618748:-0.00618748:-0.00618748:-0.00618748:-0.00618748:-0.00618748:-0.00618748:-0.00618748:-0.00618748:-0.00618748:-0.00618748:-0.00618748:-0.00618748:-0.00618748:-0.00618748:-0.00618748:-0.00618748:-0.00618748:-0.00618748:-0.00618748:-0.00618748:-0.00618748:-0.00618748:-0.00618748:-0.00618748:-0.00618748:-0.00618748:-0.00618748:-0.00618748:-0.00618748:-0.00618748:-0.00618748:-0.00618748:-0.00618748:-0.00618748:-0.00618748:-0.00618748:-0.00618748:-0.00618748:-0.00618748:-0.00618748,0:0:0:0:0:0:0:0:0:0:0:0:0:0:0:0:0:0:0:0:0:0:0:0:0:0:0:0:0:0:0:0:0:0:0:0:0:0:0:0:0:0:0:0:0:0:0:-0.01487454:-0.04170432:-0.07607182:-0.1193072:-0.1831479:-0.2471479:-0.3111478:-0.3751477:-0.4391476:-0.5111476:-0.5751477:-0.6391478:-0.7031479:-0.7751481:-0.8391482:-0.9031484:-0.9671485:-1.039149:-1.103149:-1.167149:-1.231149:-1.295149:-1.367149:-1.431149:-1.495149:-1.55915:-1.63115:-1.69515:-1.75915:-1.82315:-1.89515:-1.95915:-2.02315:-2.095149:-2.159148:-2.223148:-2.287147:-2.351146:-2.415145:-2.487144:-2.551143:-2.615143:-2.687142:-2.751141:-2.81514:-2.879139:-2.943138:-3.015137:-3.079137:-3.143136:-3.207135:-3.271134:-3.343133:-3.407132:-3.471132:-3.543131:-3.60713:-3.671129:-3.735128:-3.807127:-3.871126:-3.935126:-3.999125:-4.071124:-4.135123:-4.199122:-4.263122:-4.327121:-4.39912:-4.463119:-4.527118:-4.591117:-4.655117:-4.719833:-4.766674:-4.803054:-4.827024:-4.829826:-4.829826:-4.829826:-4.829826
7/9/2018 11:04:26 AM,0,0,24,0,24,50,1.665312,16,10,M->D->T->C,4,Controller,2,3,1.801465,1,-6.780582,-1.738881,-6.79893,-1.847152,0,0,7,7,0.3566802,0.3546503,0.2393144,0,0,3,0,7.578579,1,202,0:0:0:0:0:0:0:0:0:0:0:0:0:0:0:0:0:0:0:0:0:0:0:0:0:0:0:0:0:0:0:0:0:0:0:0:0:0:0:0:0:-0.009544553:-0.04700023:-0.09811664:-0.1658755:-0.2298755:-0.2858754:-0.3578753:-0.4218752:-0.4858751:-0.5578752:-0.6218753:-0.6938755:-0.7578756:-0.8218758:-0.8858759:-0.949876:-1.013876:-1.085876:-1.141876:-1.213876:-1.277877:-1.349877:-1.413877:-1.477877:-1.549877:-1.605877:-1.677877:-1.741878:-1.813878:-1.869878:-1.941878:-2.005878:-2.077877:-2.133876:-2.205875:-2.269875:-2.333874:-2.397873:-2.461872:-2.533871:-2.59787:-2.66187:-2.725869:-2.797868:-2.861867:-2.925866:-2.989865:-3.053864:-3.125864:-3.189863:-3.253862:-3.317861:-3.38986:-3.451492:-3.512861:-3.573771:-3.641958:-3.702276:-3.762594:-3.822912:-3.89077:-3.951088:-4.011405:-4.071723:-4.132041:-4.199899:-4.260217:-4.320535:-4.380853:-4.448711:-4.509029:-4.569347:-4.629665:-4.697523:-4.757841:-4.818159:-4.878477:-4.938795:-5.006652:-5.06697:-5.127288:-5.195146:-5.255464:-5.315782:-5.3761:-5.436418:-5.504276:-5.564594:-5.624221:-5.683749:-5.743278:-5.810247:-5.869775:-5.929304:-5.988832:-6.055801:-6.11533:-6.174858:-6.234386:-6.301356:-6.360884:-6.420413:-6.479941:-6.539469:-6.606439:-6.665967:-6.724117:-6.776549:-6.807563:-6.807563:-6.807563:-6.807563:-6.807563:-6.807563:-6.807563:-6.807563:-6.807563:-6.807563:-6.807563:-6.807563:-6.807563:-6.807563:-6.807563:-6.807563:-6.807563:-6.807563:-6.807563:-6.807563:-6.807563:-6.807563:-6.807563:-6.807563:-6.807563:-6.807563:-6.807563:-6.807563:-6.807563:-6.807563:-6.807563:-6.807563:-6.807563:-6.807563:-6.807563:-6.807563:-6.807563:-6.807563:-6.807563:-6.807563:-6.807563:-6.807563:-6.807563:-6.807563:-6.807563:-6.806549:-6.805244:-6.803035:-6.800827:-6.79914:-6.79893:-6.79893:-6.79893,0:0:0:0:0:0:0:0:0:0:0:0:0:0:0:0:0:0:0:0:0:0:0:0:0:0:0:0:0:0:0:0:0:0:0:0:0:0:0:0:0:0:-0.00031992:-0.001679111:-0.003987051:-0.006906352:-0.009460741:-0.01274495:-0.01566426:-0.01858356:-0.02186777:-0.02478707:-0.02885014:-0.03254829:-0.03624643:-0.03994457:-0.04364271:-0.04734086:-0.05150126:-0.05473714:-0.05957904:-0.06405605:-0.0690927:-0.07356972:-0.07804675:-0.0830834:-0.08700079:-0.09203745:-0.09651447:-0.1015511:-0.1054685:-0.1105052:-0.1149822:-0.1200188:-0.1239362:-0.1289729:-0.1334499:-0.1379269:-0.142404:-0.146881:-0.1519176:-0.1563947:-0.1608717:-0.1653487:-0.1703854:-0.1748624:-0.1793394:-0.1838164:-0.1882935:-0.1933301:-0.1985884:-0.2038468:-0.2102422:-0.2196985:-0.2332733:-0.247627:-0.2626644:-0.280991:-0.2987253:-0.3164596:-0.3341939:-0.3541449:-0.3718792:-0.3896135:-0.4073478:-0.4250821:-0.4450332:-0.4627675:-0.4805017:-0.498236:-0.5181873:-0.5359219:-0.5536564:-0.5713909:-0.5913423:-0.6090768:-0.6268113:-0.6445459:-0.6622804:-0.6822317:-0.6999663:-0.7177008:-0.7376521:-0.7553867:-0.7731212:-0.7908557:-0.8085902:-0.8285416:-0.8462761:-0.8644642:-0.882717:-0.9009699:-0.9215043:-0.9397572:-0.95801:-0.9762629:-0.9967973:-1.01505:-1.033302:-1.051555:-1.072088:-1.090341:-1.108593:-1.126846:-1.145098:-1.165632:-1.183884:-1.202593:-1.219546:-1.227152:-1.227152:-1.227152:-1.227152:-1.227152:-1.227152:-1.227152:-1.227152:-1.227152:-1.227152:-1.227152:-1.227152:-1.227152:-1.227152:-1.227152:-1.227152:-1.227152:-1.227152:-1.227152:-1.227152:-1.227152:-1.227152:-1.227152:-1.227152:-1.227152:-1.227152:-1.227152:-1.227152:-1.227152:-1.227152:-1.227152:-1.227152:-1.227152:-1.227152:-1.227152:-1.227152:-1.227152:-1.227152:-1.227152:-1.227152:-1.227152:-1.248125:-1.280965:-1.33207:-1.391909:-1.454475:-1.5253:-1.5893:-1.6533:-1.715737:-1.773854:-1.823986:-1.844578
7/9/2018 11:04:28 AM,0,0,25,0,25,50,0.7254168,16,10,M->D->T->C,4,Controller,1,1.321928,1.822302,2,2.910849,0.7259191,2.760718,0.006308712,0,0,3,3,0.1694245,-0.1694245,0.2215938,0,0,0,0,2.751751,1,87,0:0:0:0:0:0:0:0:0:0:0:0:0:0:0:0:0:0:0:0:0:0:0:0:0:0:0:0:0:0:0:0:0:0:0:0:0:0:0:0:0:0:0:0:0.04401754:0.1006881:0.1719979:0.2279979:0.2999978:0.3639977:0.4279976:0.4919975:0.5559976:0.6279977:0.6919978:0.755998:0.8279981:0.8919982:0.9559984:1.027998:1.083999:1.155999:1.219999:1.291999:1.355999:1.419999:1.483999:1.556:1.62:1.684:1.748:1.812:1.876:1.948:2.012:2.075999:2.147999:2.211998:2.275997:2.339996:2.411995:2.475994:2.539994:2.603993:2.66316:2.713356:2.751555,0:0:0:0:0:0:0:0:0:0:0:0:0:0:0:0:0:0:0:0:0:0:0:0:0:0:0:0:0:0:0:0:0:0:0:0:0:0:0:0:0:0:0:0:0:0:0:0:0:0:0:0:0:0:0:0:0:0:0:0:0:0:0:0:0:0:0:0:0:0:0:0:0:0:0:0:0:0:0:0:0:0:0:0:0:0.001875006:0.005382968
7/9/2018 11:08:54 AM,0,33,1,1,1,0,0.03361882,16,10,C->M->D->T,1,Controller,1,1,29.74525,2,0.870546,-1.84474,0.8174503,-1.503915,-0.01100397,-0.04950494,2,2.039833,0,0,0,0,0,0,0,0,1,2,-0.01100397:-0.01100397,-0.04950494:-0.04950494
7/9/2018 11:08:55 AM,0,33,2,1,2,0,0.7826881,16,10,C->M->D->T,1,Controller,1,1.584962,2.025024,2,3.999992,0.007924563,3.233109,0,0,0,4,4,0.001943503,-0.001943503,0.00226815,0,0,0,0,3.233109,1,94,0:0:0:0:0:0:0:0:0:0:0:0:0:0:0:0:0:0:0:0:0:0:0:0:0:0:0:0:0:0:0:0:0:0:0:0:0:0:0:0:0:0.04401754:0.1048611:0.1688611:0.2408611:0.3048611:0.368861:0.4328609:0.4968607:0.5688609:0.624861:0.6968611:0.7608613:0.8328614:0.8968616:0.9608617:1.024862:1.088862:1.160862:1.224862:1.288862:1.352862:1.416863:1.488863:1.560863:1.616863:1.688863:1.752863:1.824863:1.880864:1.952864:2.008864:2.080863:2.144862:2.216861:2.27286:2.344859:2.408859:2.472858:2.536857:2.600856:2.672855:2.736854:2.800853:2.864853:2.936852:3.000851:3.06485:3.124905:3.180045:3.214333:3.233109:3.233109:3.233109,0:0:0:0:0:0:0:0:0:0:0:0:0:0:0:0:0:0:0:0:0:0:0:0:0:0:0:0:0:0:0:0:0:0:0:0:0:0:0:0:0:0:0:0:0:0:0:0:0:0:0:0:0:0:0:0:0:0:0:0:0:0:0:0:0:0:0:0:0:0:0:0:0:0:0:0:0:0:0:0:0:0:0:0:0:0:0:0:0:0:0:0:0:0
7/9/2018 11:08:57 AM,0,33,3,1,3,0,1.10491,16,10,C->M->D->T,1,Controller,1,2,1.810102,2,-4.974585,3.354625,-4.695821,3.068817,0,0,6,6,0.03263817,-0.03258339,0.02796374,1,0,1,0,5.610536,1,134,0:0:0:0:0:0:0:0:0:0:0:0:0:0:0:0:0:0:0:0:0:0:0:0:0:0:0:0:0:0:0:0:0:0:0:0:0:0:0:0:0:0:-0.03086871:-0.07462341:-0.127054:-0.1860384:-0.2387318:-0.2980119:-0.3507052:-0.4033986:-0.456092:-0.5087854:-0.5614787:-0.6207588:-0.6734521:-0.7261455:-0.7854255:-0.8381189:-0.8908123:-0.9435056:-0.996199:-1.055183:-1.107613:-1.160043:-1.219027:-1.271457:-1.323887:-1.376581:-1.435861:-1.481968:-1.541248:-1.593941:-1.653221:-1.699328:-1.752021:-1.811301:-1.863994:-1.923275:-1.975968:-2.028662:-2.087943:-2.13405:-2.193331:-2.246026:-2.29872:-2.351414:-2.404109:-2.46339:-2.516084:-2.568779:-2.62806:-2.680754:-2.733448:-2.786143:-2.845424:-2.898118:-2.950812:-3.003507:-3.062788:-3.108895:-3.168176:-3.220871:-3.280152:-3.332846:-3.38554:-3.438235:-3.497516:-3.543623:-3.596318:-3.655599:-3.708293:-3.760988:-3.813682:-3.872963:-3.932244:-3.984938:-4.031045:-4.090324:-4.143016:-4.195709:-4.254988:-4.30768:-4.360373:-4.413065:-4.465757:-4.525036:-4.577729:-4.628846:-4.674702:-4.695821:-4.695821:-4.695821:-4.695821:-4.695821,0:0:0:0:0:0:0:0:0:0:0:0:0:0:0:0:0:0:0:0:0:0:0:0:0:0:0:0:0:0:0:0:0:0:0:0:0:0:0:0:0:0:0.02345636:0.05210909:0.08440045:0.1207282:0.1540589:0.1915559:0.2248866:0.2582173:0.291548:0.3248786:0.3582093:0.3957063:0.429037:0.4623677:0.4998647:0.5331951:0.5665256:0.599856:0.6331865:0.6715624:0.7056744:0.7397864:0.7781624:0.8122743:0.8463863:0.881277:0.9205289:0.9510583:0.9903103:1.025201:1.064454:1.094983:1.129875:1.169127:1.204018:1.243271:1.278162:1.313053:1.352306:1.382835:1.422088:1.456979:1.49187:1.526761:1.561652:1.600905:1.635796:1.670687:1.70994:1.744831:1.779722:1.814613:1.853866:1.888757:1.923648:1.958539:1.997791:2.028321:2.067574:2.102465:2.141717:2.176608:2.211499:2.246391:2.285643:2.316173:2.351064:2.390316:2.425208:2.460099:2.49499:2.534242:2.573495:2.608386:2.638916:2.678168:2.713059:2.747951:2.787203:2.822094:2.856985:2.891876:2.926768:2.96602:3.000911:3.033723:3.060558:3.068817:3.068817:3.068817:3.068817:3.068817
7/9/2018 11:08:58 AM,0,33,4,1,4,0,0.5935743,16,10,C->M->D->T,1,Controller,1,1.584962,2.6702,1,1.717529,1.024741,1.669175,0.758095,0,0,2,2,0.05102642,-0.05073952,0.07254919,1,0,1,0,1.835014,1,72,0:0:0:0:0:0:0:0:0:0:0:0:0:0:0:0:0:0:0:0:0:0:0:0:0:0:0:0:0:0:0:0:0:0:0:0:0:0.0128384:0.03450558:0.0727384:0.1191214:0.1754446:0.2302407:0.2881931:0.3461455:0.411342:0.4692944:0.5272468:0.5851992:0.6503956:0.708348:0.7663004:0.8314969:0.8822052:0.9474017:1.005354:1.063307:1.12126:1.186457:1.24441:1.302363:1.36756:1.425513:1.483465:1.541681:1.607173:1.646456:1.669175:1.669175:1.669175:1.669175:1.669175,0:0:0:0:0:0:0:0:0:0:0:0:0:0:0:0:0:0:0:0:0:0:0:0:0:0:0:0:0:0:0:0:0:0:0:0:0:0.01205985:0.02615795:0.04545482:0.06683023:0.09292565:0.1182002:0.1445139:0.1708277:0.2004307:0.2267445:0.2530583:0.2793721:0.3089751:0.3352889:0.3616026:0.3912056:0.4142302:0.4438332:0.470147:0.4964608:0.5227745:0.5523775:0.5786913:0.6050051:0.6346081:0.6609219:0.6861961:0.7088712:0.7314565:0.7468545:0.758095:0.758095:0.758095:0.758095:0.758095
7/9/2018 11:08:59 AM,0,33,5,1,5,0,0.8429927,16,10,C->M->D->T,1,Controller,1,2.321928,2.754387,1,-0.1731541,-3.99625,0,-4.058746,0,0,4,4,0.06174621,-0.06174621,0.06331981,0,0,0,0,4.058746,1,101,0:0:0:0:0:0:0:0:0:0:0:0:0:0:0:0:0:0:0:0:0:0:0:0:0:0:0:0:0:0:0:0:0:0:0:0:0:0:0:0:0:0:0:0:0:0:0:0:0:0:0:0:0:0:0:0:0:0:0:0:0:0:0:0:0:0:0:0:0:0:0:0:0:0:0:0:0:0:0:0:0:0:0:0:0:0:0:0:0:0:0:0:0:0:0:0:0:0:0:0:0,0:0:0:0:0:0:0:0:0:0:0:0:0:0:0:0:0:0:0:0:0:0:0:0:0:0:0:0:0:0:0:0:0:0:-0.01747392:-0.05233686:-0.09865963:-0.1569376:-0.2209376:-0.2849376:-0.3489375:-0.4209373:-0.4929372:-0.5489373:-0.6209375:-0.6849376:-0.7489377:-0.8209379:-0.876938:-0.9489381:-1.012938:-1.076938:-1.148939:-1.204939:-1.276939:-1.348939:-1.404939:-1.476939:-1.540939:-1.604939:-1.66894:-1.74094:-1.79694:-1.86894:-1.93294:-1.99694:-2.068939:-2.132939:-2.204938:-2.268937:-2.324936:-2.396935:-2.524934:-2.596933:-2.668932:-2.724931:-2.79693:-2.852929:-2.932928:-2.988928:-3.060927:-3.124926:-3.188925:-3.252924:-3.316923:-3.380923:-3.460922:-3.516921:-3.58892:-3.660919:-3.716918:-3.788917:-3.852916:-3.916916:-3.980915:-4.028797:-4.058746:-4.058746:-4.058746:-4.058746:-4.058746
7/9/2018 11:09:01 AM,0,33,6,1,6,0,1.071524,16,10,C->M->D->T,1,Controller,1,2.807355,2.619964,1,-5.811927,-1.490469,-5.907169,-1.576014,0,0,6,6,0.06982899,-0.05906746,0.0824036,1,0,2,0,6.134723,1,130,0:0:0:0:0:0:0:0:0:0:0:0:0:0:0:0:0:0:0:0:0:0:0:0:0:0:0:0:0:0:0:0:0:0:0:0:-0.02324417:-0.06121418:-0.1246366:-0.181012:-0.2450121:-0.309012:-0.3810118:-0.4450117:-0.5090117:-0.5730118:-0.645012:-0.7010121:-0.7730122:-0.8370124:-0.9010125:-0.9650126:-1.037013:-1.101013:-1.165013:-1.237013:-1.301013:-1.365013:-1.428225:-1.499338:-1.562549:-1.625761:-1.688972:-1.760085:-1.815395:-1.886508:-1.949719:-2.012142:-2.082369:-2.144793:-2.207216:-2.277443:-2.339867:-2.40229:-2.464714:-2.534941:-2.589561:-2.659788:-2.722212:-2.784636:-2.847059:-2.909483:-2.97971:-3.042133:-3.11236:-3.174784:-3.237207:-3.299631:-3.362055:-3.423687:-3.493023:-3.553341:-3.613659:-3.681517:-3.741835:-3.802153:-3.862471:-3.930329:-3.990647:-4.050964:-4.111282:-4.1716:-4.239458:-4.299776:-4.359568:-4.419359:-4.486625:-4.546416:-4.606208:-4.665999:-4.725791:-4.785583:-4.852848:-4.91264:-4.979905:-5.039697:-5.099488:-5.15928:-5.226545:-5.278863:-5.346128:-5.40592:-5.465712:-5.525503:-5.592769:-5.65256:-5.712352:-5.780802:-5.841383:-5.900911,0:0:0:0:0:0:0:0:0:0:0:0:0:0:0:0:0:0:0:0:0:0:0:0:0:0:0:0:0:0:0:0:0:0:0:0:0:-0.0005803402:-0.008834251:-0.01617106:-0.02896706:-0.04176305:-0.05615853:-0.06895452:-0.08278977:-0.09974288:-0.1202773:-0.1362484:-0.1567827:-0.1758144:-0.194846:-0.2138777:-0.2355812:-0.2548732:-0.2741653:-0.295869:-0.3156818:-0.3354946:-0.355568:-0.3781506:-0.398224:-0.4182974:-0.4383709:-0.4609534:-0.4785177:-0.5011002:-0.5211737:-0.541505:-0.5643778:-0.5847092:-0.6050406:-0.6279134:-0.6482448:-0.6685762:-0.6889076:-0.7117804:-0.7295703:-0.7524431:-0.7727745:-0.7931059:-0.8134373:-0.8337687:-0.8566415:-0.8769729:-0.8998457:-0.920177:-0.9405084:-0.9608398:-0.9811712:-1.001245:-1.023827:-1.044158:-1.064489:-1.087362:-1.107694:-1.127246:-1.146798:-1.168794:-1.188347:-1.207899:-1.227451:-1.247003:-1.268999:-1.288552:-1.307326:-1.3261:-1.347221:-1.365995:-1.384769:-1.402761:-1.420753:-1.438745:-1.458986:-1.476978:-1.495757:-1.511151:-1.525504:-1.538558:-1.551782:-1.561386:-1.568764:-1.570902:-1.57304:-1.574139:-1.575375:-1.575694:-1.576014:-1.576014:-1.576014:-1.576014
7/9/2018 11:09:04 AM,0,33,7,0,7,0,0.7675381,16,10,C->M->D->T,2,Mouse,1,1,1.302867,2,1.988992,0.2294848,2.101789,0.1155114,-0.01100397,0.2255225,2,2.002187,0.02425057,-0.02425057,0.03081357,0,0,0,0,2.124525,1,92,-0.01100397:-0.01100397:-0.01100397:-0.01100397:-0.01100397:-0.01100397:-0.01100397:-0.01100397:-0.01100397:-0.01100397:-0.01100397:-0.01100397:-0.01100397:-0.01100397:-0.01100397:-0.01100397:-0.01100397:-0.01100397:-0.01100397:-0.01100397:-0.01100397:-0.01100397:-0.01100397:-0.01100397:-0.01100397:-0.01100397:-0.01100397:-0.01100397:-0.01100397:-0.01100397:-0.01100397:-0.01100397:-0.01100397:-0.01100397:-0.01100397:-0.01100397:-0.01100397:-0.01100397:-0.01100397:-0.01100397:-0.01100397:-0.01100397:-0.01100397:-0.01100397:-0.01100397:-0.01100397:0.07702923:0.1980743:0.2971115:0.3961487:0.5061893:0.7042637:0.8143053:0.9683628:1.100412:1.243466:1.342504:1.441541:1.507565:1.562586:1.595598:1.639615:1.672627:1.716643:1.738652:1.793673:1.859697:1.925722:1.980742:2.046767:2.090784:2.090784:2.090784:2.090784:2.090784:2.090784:2.090784:2.090784:2.090784:2.090784:2.090784:2.090784:2.090784:2.090784:2.090784:2.090784:2.090784:2.090784:2.090784:2.090784:2.090784:2.101789,0.2255225:0.2255225:0.2255225:0.2255225:0.2255225:0.2255225:0.2255225:0.2255225:0.2255225:0.2255225:0.2255225:0.2255225:0.2255225:0.2255225:0.2255225:0.2255225:0.2255225:0.2255225:0.2255225:0.2255225:0.2255225:0.2255225:0.2255225:0.2255225:0.2255225:0.2255225:0.2255225:0.2255225:0.2255225:0.2255225:0.2255225:0.2255225:0.2255225:0.2255225:0.2255225:0.2255225:0.2255225:0.2255225:0.2255225:0.2255225:0.2255225:0.2255225:0.2255225:0.2255225:0.2255225:0.2255225:0.2145213:0.2145213:0.2145213:0.2145213:0.2145213:0.2145213:0.2145213:0.2145213:0.2145213:0.2145213:0.2145213:0.2145213:0.2145213:0.2145213:0.2145213:0.2035201:0.1925194:0.1815182:0.1815182:0.170517:0.170517:0.1595157:0.1595157:0.1595157:0.1595157:0.1595157:0.1595157:0.1595157:0.1595157:0.1595157:0.1595157:0.1595157:0.1595157:0.1595157:0.1595157:0.1595157:0.1595157:0.1595157:0.1595157:0.1595157:0.1595157:0.1595157:0.1595157:0.1595157:0.1595157:0.1485151
7/9/2018 11:09:06 AM,0,33,8,0,8,0,0.9836484,16,10,C->M->D->T,2,Mouse,2,1.584962,1.61131,2,-1.691716,3.844288,-1.166438,3.492849,-0.01100397,0.2145213,4,4.200054,0.2164293,0.2034117,0.2089384,1,0,8,0,3.563598,1,119,-0.01100397:-0.01100397:-0.01100397:-0.01100397:-0.01100397:-0.01100397:-0.01100397:-0.01100397:-0.01100397:-0.01100397:-0.01100397:-0.01100397:-0.01100397:-0.01100397:-0.01100397:-0.01100397:-0.01100397:-0.01100397:-0.01100397:-0.01100397:-0.01100397:-0.01100397:-0.01100397:-0.01100397:-0.01100397:-0.01100397:-0.01100397:-0.01100397:-0.01100397:-0.01100397:-0.01100397:-0.01100397:-0.01100397:-0.01100397:-0.01100397:-0.01100397:-0.01100397:-0.01100397:-0.04401636:-0.06602478:-0.09903717:-0.1320496:-0.1760659:-0.2420907:-0.3081155:-0.3521318:-0.4181566:-0.4841814:-0.5392022:-0.594223:-0.6272354:-0.6932602:-0.7152681:-0.7262726:-0.7372766:-0.7592845:-0.7812929:-0.8033013:-0.8143053:-0.8143053:-0.8253093:-0.8473177:-0.8473177:-0.8693261:-0.8803301:-0.8913341:-0.9023385:-0.9023385:-0.9023385:-0.9023385:-0.9023385:-0.9023385:-0.9023385:-0.9023385:-0.9023385:-0.9023385:-0.9023385:-0.9023385:-0.9023385:-0.9023385:-0.9023385:-0.9023385:-0.9023385:-0.9023385:-0.9023385:-0.9023385:-0.9023385:-0.9023385:-0.9023385:-0.9023385:-0.9023385:-0.9023385:-0.9023385:-0.9023385:-0.9023385:-0.9023385:-0.9023385:-0.9023385:-0.9023385:-0.9023385:-0.9023385:-0.9023385:-0.9023385:-0.9023385:-0.9023385:-0.9133425:-0.9243464:-0.9463549:-0.9683633:-1.001376:-1.01238:-1.056396:-1.078404:-1.111417:-1.133425:-1.155433:-1.166438:-1.166438:-1.166438,0.2145213:0.2145213:0.2145213:0.2145213:0.2145213:0.2145213:0.2145213:0.2145213:0.2145213:0.2145213:0.2145213:0.2145213:0.2145213:0.2145213:0.2145213:0.2145213:0.2145213:0.2145213:0.2145213:0.2145213:0.2145213:0.2145213:0.2145213:0.2145213:0.2145213:0.2145213:0.2145213:0.2145213:0.2145213:0.2145213:0.2145213:0.2145213:0.2145213:0.2145213:0.2145213:0.2145213:0.2145213:0.2145213:0.247525:0.3025305:0.3575355:0.4345435:0.5115509:0.5995601:0.7095712:0.7975799:0.907591:1.028603:1.149615:1.281628:1.358636:1.556656:1.633663:1.809681:1.908691:2.073708:2.172718:2.326733:2.458746:2.590759:2.70077:2.821782:2.909791:2.997799:3.063806:3.10781:3.129813:3.140814:3.151815:3.151815:3.151815:3.151815:3.151815:3.151815:3.151815:3.151815:3.151815:3.151815:3.151815:3.151815:3.151815:3.151815:3.151815:3.151815:3.151815:3.151815:3.151815:3.151815:3.151815:3.151815:3.151815:3.151815:3.151815:3.151815:3.151815:3.151815:3.151815:3.151815:3.151815:3.151815:3.151815:3.151815:3.151815:3.151815:3.151815:3.162816:3.184819:3.228823:3.250825:3.29483:3.316832:3.371837:3.39384:3.437844:3.459846:3.481848:3.492849:3.492849:3.492849
7/9/2018 11:09:07 AM,0,33,9,0,9,0,0.8005068,16,10,C->M->D->T,2,Mouse,1,2,2.498417,2,-4.985589,3.580147,-4.115543,3.591859,-0.01100397,0.2255225,6,6.137878,0.1889114,0.1888369,0.2139267,0,0,17,0,5.334229,1,97,-0.01100397:-0.01100397:-0.01100397:-0.01100397:-0.01100397:-0.01100397:-0.01100397:-0.01100397:-0.01100397:-0.01100397:-0.01100397:-0.01100397:-0.01100397:-0.01100397:-0.01100397:-0.01100397:-0.01100397:-0.01100397:-0.01100397:-0.01100397:-0.01100397:-0.01100397:-0.01100397:-0.01100397:-0.01100397:-0.01100397:-0.01100397:-0.01100397:-0.01100397:-0.01100397:-0.01100397:-0.01100397:-0.01100397:-0.01100397:-0.01100397:-0.01100397:-0.01100397:-0.01100397:-0.01100397:-0.03301239:-0.07702875:-0.1210456:-0.154058:-0.1980743:-0.2640991:-0.3411279:-0.4951859:-0.594223:-0.7152681:-0.8473177:-0.9793673:-1.089408:-1.25447:-1.364511:-1.496561:-1.606603:-1.738652:-1.848693:-2.057772:-2.1348:-2.321871:-2.420908:-2.607978:-2.740027:-2.916093:-3.004127:-3.191197:-3.290234:-3.433288:-3.499312:-3.631362:-3.675378:-3.774415:-3.829436:-3.906465:-3.961485:-4.027511:-4.060523:-4.071527:-4.082531:-4.104539:-4.104539:-4.115543:-4.115543:-4.115543:-4.115543:-4.115543:-4.115543:-4.115543:-4.115543:-4.115543:-4.115543:-4.115543:-4.115543:-4.115543:-4.115543:-4.115543,0.2255225:0.2255225:0.2255225:0.2255225:0.2255225:0.2255225:0.2255225:0.2255225:0.2255225:0.2255225:0.2255225:0.2255225:0.2255225:0.2255225:0.2255225:0.2255225:0.2255225:0.2255225:0.2255225:0.2255225:0.2255225:0.2255225:0.2255225:0.2255225:0.2255225:0.2255225:0.2255225:0.2255225:0.2255225:0.2255225:0.2255225:0.2255225:0.2255225:0.2255225:0.2255225:0.2255225:0.2255225:0.2255225:0.2255225:0.2365237:0.2695268:0.3025305:0.3355336:0.3685367:0.412541:0.4785478:0.5775577:0.6435645:0.7315731:0.8085811:0.9295928:1.017601:1.171617:1.270627:1.391639:1.50165:1.633663:1.743674:1.919692:1.9967:2.139714:2.238724:2.40374:2.513752:2.645764:2.733774:2.887789:2.953795:3.052805:3.096809:3.19582:3.217822:3.29483:3.327833:3.382838:3.426843:3.470847:3.50385:3.514851:3.525853:3.558856:3.569857:3.580858:3.580858:3.580858:3.580858:3.580858:3.580858:3.580858:3.580858:3.580858:3.580858:3.580858:3.591859:3.591859:3.591859:3.591859
7/9/2018 11:09:08 AM,0,33,10,0,10,0,0.5792778,16,10,C->M->D->T,2,Mouse,1,1.584962,2.736101,1,1.706525,1.250263,1.70564,1.094609,-0.01100397,0.2255225,2,2.115511,0.04709155,-0.04709155,0.06182747,0,0,4,0,1.92911,1,69,-0.01100397:-0.01100397:-0.01100397:-0.01100397:-0.01100397:-0.01100397:-0.01100397:-0.01100397:-0.01100397:-0.01100397:-0.01100397:-0.01100397:-0.01100397:-0.01100397:-0.01100397:-0.01100397:-0.01100397:-0.01100397:-0.01100397:-0.01100397:-0.01100397:-0.01100397:-0.01100397:-0.01100397:-0.01100397:-0.01100397:-0.01100397:-0.01100397:-0.01100397:-0.01100397:-0.01100397:-0.01100397:-0.01100397:-0.01100397:-0.01100397:-0.01100397:-0.01100397:-0.01100397:-0.01100397:0.01100445:0.04401684:0.09903717:0.1540575:0.2310867:0.3301239:0.4621735:0.5612106:0.7482805:0.8473177:1.023384:1.155434:1.320496:1.408528:1.529573:1.57359:1.628611:1.661623:1.672627:1.672627:1.672627:1.672627:1.672627:1.672627:1.683631:1.683631:1.683631:1.694635:1.694635:1.694635,0.2255225:0.2255225:0.2255225:0.2255225:0.2255225:0.2255225:0.2255225:0.2255225:0.2255225:0.2255225:0.2255225:0.2255225:0.2255225:0.2255225:0.2255225:0.2255225:0.2255225:0.2255225:0.2255225:0.2255225:0.2255225:0.2255225:0.2255225:0.2255225:0.2255225:0.2255225:0.2255225:0.2255225:0.2255225:0.2255225:0.2255225:0.2255225:0.2255225:0.2255225:0.2255225:0.2255225:0.2255225:0.2255225:0.2255225:0.2365237:0.2365237:0.2695268:0.2915293:0.3245324:0.3685367:0.4235423:0.4675466:0.5335534:0.5885589:0.6655663:0.7425743:0.830583:0.8855885:0.9735972:1.006601:1.050605:1.072607:1.083608:1.083608:1.083608:1.083608:1.083608:1.083608:1.094609:1.094609:1.094609:1.094609:1.094609:1.094609
7/9/2018 11:09:09 AM,0,33,11,0,11,0,0.6421975,16,10,C->M->D->T,2,Mouse,1,2.321928,3.615598,1,-0.1731541,-3.781729,-0.1430535,-3.371837,0,0.2145213,4,3.785691,0.0153404,0.000629633,0.02475094,1,0,9,0,3.574082,1,78,0:0:0:0:0:0:0:0:0:0:0:0:0:0:0:0:0:0:0:0:0:0:0:0:0:0:0:0:0:0:0:0:0:0:0:0:0:0:-0.01100397:-0.02200842:-0.04401636:-0.06602478:-0.07702875:-0.0880332:-0.09903717:-0.09903717:-0.09903717:-0.09903717:-0.09903717:-0.09903717:-0.09903717:-0.09903717:-0.09903717:-0.09903717:-0.09903717:-0.09903717:-0.09903717:-0.09903717:-0.09903717:-0.09903717:-0.09903717:-0.09903717:-0.09903717:-0.09903717:-0.09903717:-0.09903717:-0.1100411:-0.1100411:-0.1100411:-0.1210456:-0.1210456:-0.1320496:-0.1320496:-0.1320496:-0.1320496:-0.1320496:-0.1430535:-0.1430535,0.2145213:0.2145213:0.2145213:0.2145213:0.2145213:0.2145213:0.2145213:0.2145213:0.2145213:0.2145213:0.2145213:0.2145213:0.2145213:0.2145213:0.2145213:0.2145213:0.2145213:0.2145213:0.2145213:0.2145213:0.2145213:0.2145213:0.2145213:0.2145213:0.2145213:0.2145213:0.2145213:0.2145213:0.2145213:0.2145213:0.2145213:0.2145213:0.2145213:0.2145213:0.2145213:0.1925194:0.170517:0.1375139:0.08250833:0.02750278:-0.03850371:-0.1485148:-0.2365237:-0.3575358:-0.4785478:-0.6435645:-0.7645765:-0.9405941:-1.083608:-1.248625:-1.358636:-1.545655:-1.666667:-1.842684:-1.974697:-2.128713:-2.249725:-2.40374:-2.491749:-2.634763:-2.722772:-2.821782:-2.89879:-2.975798:-3.019802:-3.085809:-3.129813:-3.151815:-3.173817:-3.19582:-3.228823:-3.239824:-3.250825:-3.272827:-3.294829:-3.316832:-3.338834:-3.338834
7/9/2018 11:09:12 AM,0,33,12,0,12,0,0.8250868,16,10,C->M->D->T,3,Drawing_Tablet,1,2.807355,3.402496,1,5.97798,0.2704124,5.711142,0.3135312,-0.02200842,0.2585256,6,5.984093,0.04951764,0.04951764,0.05431225,0,0,3,0,5.750769,1,99,-0.02200842:-0.02200842:-0.02200842:-0.02200842:-0.02200842:-0.02200842:-0.02200842:-0.02200842:-0.02200842:-0.02200842:-0.02200842:-0.02200842:-0.02200842:-0.02200842:-0.02200842:-0.02200842:-0.02200842:-0.02200842:-0.02200842:-0.02200842:-0.02200842:-0.02200842:-0.02200842:-0.02200842:-0.02200842:-0.02200842:-0.02200842:-0.02200842:-0.02200842:-0.02200842:-0.02200842:-0.02200842:-0.02200842:-0.02200842:-0.02200842:-0.02200842:-0.02200842:-0.02200842:-0.02200842:-0.02200842:0:0.06602478:0.1210451:0.2310867:0.3301239:0.4731779:0.6382389:0.902338:1.111417:1.441541:1.650619:2.035764:2.332875:2.740027:3.004127:3.290234:3.532325:3.862449:4.071527:4.302613:4.456672:4.632737:4.753782:4.830812:4.907841:4.995873:5.03989:5.127923:5.160935:5.215956:5.248968:5.292985:5.325997:5.348005:5.35901:5.35901:5.35901:5.370014:5.370014:5.381018:5.403027:5.436039:5.480055:5.513067:5.54608:5.568088:5.612104:5.634112:5.634112:5.634112:5.634112:5.634112:5.634112:5.667125:5.678129:5.689134:5.700137:5.700137:5.700137,0.2585256:0.2585256:0.2585256:0.2585256:0.2585256:0.2585256:0.2585256:0.2585256:0.2585256:0.2585256:0.2585256:0.2585256:0.2585256:0.2585256:0.2585256:0.2585256:0.2585256:0.2585256:0.2585256:0.2585256:0.2585256:0.2585256:0.2585256:0.2585256:0.2585256:0.2585256:0.2585256:0.2585256:0.2585256:0.2585256:0.2585256:0.2585256:0.2585256:0.2585256:0.2585256:0.2585256:0.2585256:0.2585256:0.2585256:0.2585256:0.2695268:0.2695268:0.2695268:0.2695268:0.2695268:0.2695268:0.2695268:0.2695268:0.2695268:0.2695268:0.2805281:0.3135312:0.3465348:0.3795379:0.3905392:0.412541:0.412541:0.412541:0.412541:0.412541:0.412541:0.412541:0.412541:0.412541:0.412541:0.412541:0.4015404:0.4015404:0.3905392:0.3905392:0.3905392:0.3795379:0.3795379:0.3685367:0.3685367:0.3685367:0.3685367:0.3685367:0.3685367:0.3685367:0.3685367:0.3465348:0.3465348:0.3465348:0.3355336:0.3355336:0.3355336:0.3355336:0.3355336:0.3355336:0.3355336:0.3355336:0.3355336:0.3355336:0.3245324:0.3245324:0.3245324:0.3245324:0.3245324
7/9/2018 11:09:12 AM,0,33,13,0,13,0,0.4700331,16,10,C->M->D->T,3,Drawing_Tablet,1,1,2.12751,2,-0.8513598,2.040406,-1.25447,2.029703,-0.01100397,0.2255225,2,2.210898,0.1586421,-0.1586421,0.1690842,0,0,3,2,2.300138,1,57,-0.01100397:-0.01100397:-0.01100397:-0.01100397:-0.01100397:-0.01100397:-0.01100397:-0.01100397:-0.01100397:-0.01100397:-0.01100397:-0.01100397:-0.01100397:-0.01100397:-0.01100397:-0.01100397:-0.01100397:-0.01100397:-0.01100397:-0.01100397:-0.01100397:-0.02200842:-0.03301239:-0.04401636:-0.04401636:-0.05502081:-0.06602478:-0.06602478:-0.0880332:-0.1100411:-0.1210456:-0.1430535:-0.1760659:-0.2200828:-0.2420907:-0.3081155:-0.3741403:-0.440165:-0.5061898:-0.5722146:-0.616231:-0.6932602:-0.7372766:-0.8253093:-0.8913341:-0.9793673:-1.01238:-1.078404:-1.122421:-1.155433:-1.188446:-1.232462:-1.243466:-1.25447:-1.25447:-1.25447:-1.25447,0.2255225:0.2255225:0.2255225:0.2255225:0.2255225:0.2255225:0.2255225:0.2255225:0.2255225:0.2255225:0.2255225:0.2255225:0.2255225:0.2255225:0.2255225:0.2255225:0.2255225:0.2255225:0.2255225:0.2255225:0.2255225:0.2255225:0.2255225:0.2145213:0.2145213:0.2145213:0.2145213:0.2145213:0.2145213:0.2145213:0.2145213:0.2145213:0.247525:0.2805281:0.3025305:0.3685367:0.4235423:0.489549:0.5665565:0.6545657:0.7095712:0.8085811:0.8855885:1.039604:1.160616:1.314632:1.413642:1.556656:1.655666:1.79868:1.875688:1.974698:1.9967:2.018702:2.029703:2.029703:2.029703
7/9/2018 11:09:13 AM,0,33,14,0,14,0,0.5027089,16,10,C->M->D->T,3,Drawing_Tablet,1,1.584962,3.152844,2,-3.327394,2.461939,-2.861073,2.469747,-0.01100397,0.2255225,4,4.139166,0.04089209,0.01791809,0.08179696,1,0,8,0,3.675128,1,61,-0.01100397:-0.01100397:-0.01100397:-0.01100397:-0.01100397:-0.01100397:-0.01100397:-0.01100397:-0.01100397:-0.01100397:-0.01100397:-0.01100397:-0.01100397:-0.01100397:-0.01100397:-0.01100397:-0.01100397:-0.01100397:-0.01100397:-0.01100397:-0.01100397:-0.01100397:-0.01100397:-0.01100397:-0.01100397:-0.01100397:-0.01100397:-0.01100397:-0.01100397:-0.01100397:-0.01100397:-0.01100397:-0.02200842:-0.04401636:-0.07702875:-0.1210456:-0.1760659:-0.2420907:-0.3081155:-0.4181566:-0.4841814:-0.6272354:-0.7152681:-0.9133425:-1.089408:-1.331499:-1.518569:-1.804677:-1.947731:-2.101788:-2.244842:-2.420908:-2.508941:-2.618982:-2.696011:-2.762036:-2.817056:-2.839065:-2.850069:-2.861073:-2.861073,0.2255225:0.2255225:0.2255225:0.2255225:0.2255225:0.2255225:0.2255225:0.2255225:0.2255225:0.2255225:0.2255225:0.2255225:0.2255225:0.2255225:0.2255225:0.2255225:0.2255225:0.2255225:0.2255225:0.2255225:0.2255225:0.2255225:0.2255225:0.2255225:0.2255225:0.2255225:0.2255225:0.2255225:0.2255225:0.2255225:0.2255225:0.2255225:0.2365237:0.2365237:0.2585256:0.2805281:0.3025305:0.3355336:0.3685367:0.4455447:0.489549:0.5885589:0.6545657:0.7645762:0.8745873:1.050605:1.160616:1.347635:1.479648:1.611661:1.732673:1.89769:1.9967:2.106711:2.20572:2.30473:2.381738:2.425743:2.447745:2.469747:2.469747
7/9/2018 11:09:14 AM,0,33,15,0,15,0,0.5226173,16,10,C->M->D->T,3,Drawing_Tablet,1,2,3.826892,2,5.141584,3.299744,5.292985,3.789879,-0.01100397,0.2255225,6,6.109353,0.1048444,0.01166891,0.1722668,1,0,2,0,6.506082,1,63,-0.01100397:-0.01100397:-0.01100397:-0.01100397:-0.01100397:-0.01100397:-0.01100397:-0.01100397:-0.01100397:-0.01100397:-0.01100397:-0.01100397:-0.01100397:-0.01100397:-0.01100397:-0.01100397:-0.01100397:-0.01100397:-0.01100397:-0.01100397:-0.01100397:-0.01100397:-0.01100397:-0.01100397:-0.01100397:-0.01100397:-0.01100397:-0.01100397:-0.01100397:-0.01100397:-0.01100397:0:0.04401684:0.09903717:0.1980743:0.308116:0.3961487:0.616231:0.7702885:1.100412:1.342504:1.650619:1.859697:2.354883:2.629986:2.982119:3.246218:3.587345:3.84044:4.170564:4.335626:4.66575:4.808804:4.995873:5.094911:5.22696:5.270977:5.292985:5.292985:5.292985:5.292985:5.303989:5.303989,0.2255225:0.2255225:0.2255225:0.2255225:0.2255225:0.2255225:0.2255225:0.2255225:0.2255225:0.2255225:0.2255225:0.2255225:0.2255225:0.2255225:0.2255225:0.2255225:0.2255225:0.2255225:0.2255225:0.2255225:0.2255225:0.2255225:0.2255225:0.2255225:0.2255225:0.2255225:0.2255225:0.2255225:0.2255225:0.2255225:0.2255225:0.2365237:0.247525:0.2585256:0.3025305:0.3465348:0.3685367:0.4455447:0.5115509:0.6435645:0.7535756:0.907591:1.006601:1.281628:1.457646:1.688669:1.886688:2.183718:2.392739:2.689769:2.854785:3.162816:3.29483:3.481848:3.580858:3.723872:3.778878:3.811881:3.811881:3.811881:3.811881:3.822882:3.822882
7/9/2018 11:09:15 AM,0,33,16,0,16,0,0.4711362,16,10,C->M->D->T,3,Drawing_Tablet,1,1.584962,3.364128,1,-0.08657704,-1.783604,-0.154058,-1.853685,0,0.2145213,2,1.785704,0.0312013,0.0312013,0.04382321,0,0,1,0,2.072468,1,57,0:0:0:0:0:0:0:0:0:0:0:0:0:0:0:0:0:0:0:0:0:0:0:0:0:0:0:0:0:0:0:0:0:0:-0.01100397:-0.01100397:-0.02200842:-0.04401636:-0.05502081:-0.0880332:-0.1100411:-0.1320496:-0.1430535:-0.154058:-0.154058:-0.154058:-0.154058:-0.154058:-0.154058:-0.154058:-0.154058:-0.154058:-0.154058:-0.154058:-0.154058:-0.154058:-0.154058,0.2145213:0.2145213:0.2145213:0.2145213:0.2145213:0.2145213:0.2145213:0.2145213:0.2145213:0.2145213:0.2145213:0.2145213:0.2145213:0.2145213:0.2145213:0.2145213:0.2145213:0.2145213:0.2145213:0.2145213:0.2145213:0.2145213:0.2145213:0.2145213:0.2145213:0.2145213:0.2145213:0.2145213:0.2145213:0.2145213:0.2145213:0.2145213:0.2145213:0.2145213:0.2035201:0.2035201:0.170517:0.1155114:0.0715071:0.005500317:-0.06050617:-0.1815182:-0.2915293:-0.4345435:-0.5995598:-0.7645765:-0.8965898:-1.039604:-1.193619:-1.347635:-1.490649:-1.611661:-1.666667:-1.732673:-1.787679:-1.820682:-1.831683
7/9/2018 11:09:16 AM,0,33,17,0,17,0,0.5696834,16,10,C->M->D->T,3,Drawing_Tablet,1,2.321928,4.075822,1,0.7947235,4.143533,0.5171938,4.053905,-0.01100397,0.2255225,4,4.219058,0.07395998,0.07395998,0.1031553,0,0,7,0,3.872803,1,69,-0.01100397:-0.01100397:-0.01100397:-0.01100397:-0.01100397:-0.01100397:-0.01100397:-0.01100397:-0.01100397:-0.01100397:-0.01100397:-0.01100397:-0.01100397:-0.01100397:-0.01100397:-0.01100397:-0.01100397:-0.01100397:-0.01100397:-0.01100397:-0.01100397:-0.01100397:-0.01100397:-0.01100397:-0.01100397:-0.01100397:-0.01100397:-0.01100397:-0.01100397:-0.01100397:-0.01100397:-0.01100397:-0.01100397:-0.01100397:-0.01100397:-0.01100397:-0.01100397:-0.01100397:-0.01100397:-0.01100397:-0.01100397:-0.01100397:-0.01100397:-0.01100397:0.01100445:0.02200794:0.04401684:0.05502033:0.09903717:0.1210451:0.1760664:0.1980743:0.2310867:0.2640991:0.2861071:0.3191195:0.3521318:0.3741407:0.4071531:0.4071531:0.4401655:0.4621735:0.4841814:0.4951859:0.5061893:0.5061893:0.5171938:0.5171938:0.5171938,0.2255225:0.2255225:0.2255225:0.2255225:0.2255225:0.2255225:0.2255225:0.2255225:0.2255225:0.2255225:0.2255225:0.2255225:0.2255225:0.2255225:0.2255225:0.2255225:0.2255225:0.2255225:0.2255225:0.2255225:0.2255225:0.2255225:0.2255225:0.2255225:0.2255225:0.2255225:0.2255225:0.2255225:0.2255225:0.2255225:0.2255225:0.2255225:0.2255225:0.2255225:0.2255225:0.2255225:0.2255225:0.2255225:0.2255225:0.2255225:0.2585256:0.3135312:0.4015404:0.5005503:0.6655663:0.8085811:0.9625965:1.083608:1.358636:1.567657:1.875688:2.051705:2.293729:2.469747:2.733774:2.887789:3.129813:3.261826:3.437844:3.536854:3.70187:3.80088:3.921892:3.965896:4.020902:4.031903:4.053905:4.053905:4.053905
7/9/2018 11:09:17 AM,0,33,18,0,18,0,0.839643,16,10,C->M->D->T,3,Drawing_Tablet,1,2.807355,3.34351,1,-5.822931,-1.319952,-5.513067,-1.677668,-0.01100397,0.170517,6,5.970662,0.3760068,-0.3760068,0.3297155,0,0,1,4,6.365482,1,102,-0.01100397:-0.01100397:-0.01100397:-0.01100397:-0.01100397:-0.01100397:-0.02200842:-0.02200842:-0.02200842:-0.02200842:-0.02200842:-0.02200842:-0.02200842:-0.02200842:-0.02200842:-0.02200842:-0.02200842:-0.02200842:-0.02200842:-0.02200842:-0.02200842:-0.02200842:-0.02200842:-0.02200842:-0.02200842:-0.02200842:-0.02200842:-0.02200842:-0.02200842:-0.02200842:-0.02200842:-0.02200842:-0.02200842:-0.02200842:-0.03301239:-0.04401636:-0.05502081:-0.07702875:-0.1320496:-0.165062:-0.2751031:-0.3851442:-0.5612106:-0.7372766:-0.9243464:-1.221458:-1.364511:-1.749656:-2.046768:-2.387896:-2.839065:-3.290234:-3.664374:-4.016506:-4.34663:-4.676754:-4.929849:-5.171939:-5.303989:-5.381018:-5.458047:-5.502063:-5.502063:-5.502063:-5.502063:-5.502063:-5.502063:-5.502063:-5.502063:-5.502063:-5.502063:-5.502063:-5.502063:-5.502063:-5.502063:-5.502063:-5.502063:-5.502063:-5.502063:-5.502063:-5.502063:-5.502063:-5.502063:-5.502063:-5.491059:-5.491059:-5.491059:-5.491059:-5.491059:-5.491059:-5.491059:-5.491059:-5.502063:-5.502063:-5.502063:-5.502063:-5.502063:-5.502063:-5.513067:-5.513067:-5.513067:-5.513067,0.170517:0.170517:0.170517:0.170517:0.170517:0.170517:0.1595157:0.1595157:0.1595157:0.1595157:0.1595157:0.1595157:0.1595157:0.1595157:0.1595157:0.1485151:0.1485151:0.1485151:0.1485151:0.1485151:0.1485151:0.1485151:0.1485151:0.1485151:0.1485151:0.1485151:0.1485151:0.1485151:0.1485151:0.1485151:0.1485151:0.1375139:0.1375139:0.1375139:0.1265126:0.1155114:0.1045102:0.08250833:0.04950523:0.038504:-0.01650155:-0.0715071:-0.1485148:-0.2255225:-0.3025302:-0.4235423:-0.489549:-0.6435645:-0.7425743:-0.8855885:-1.039604:-1.193619:-1.325633:-1.479648:-1.60066:-1.721672:-1.820682:-1.930693:-1.985699:-2.018702:-2.051705:-2.073707:-2.073707:-2.073707:-2.073707:-2.073707:-2.073707:-2.073707:-2.073707:-2.073707:-2.073707:-2.073707:-2.073707:-2.073707:-2.073707:-2.073707:-2.073707:-2.073707:-2.073707:-2.073707:-2.073707:-2.051705:-2.029703:-1.985699:-1.952695:-1.908691:-1.886689:-1.853685:-1.831683:-1.79868:-1.787679:-1.754676:-1.743674:-1.721672:-1.710671:-1.69967:-1.688669:-1.688669:-1.677668:-1.677668:-1.677668:-1.677668
7/9/2018 11:09:20 AM,0,33,19,0,19,50,0.5539907,16,10,C->M->D->T,4,Touchscreen,1,1,1.805084,2,2.088029,0.06446815,1.782668,0.170517,0.08803272,0.06050587,2,2.089024,0.009729481,0.009541202,0.02759885,1,0,4,0,1.660117,1,66,0.08803272:0.08803272:0.08803272:0.08803272:0.08803272:0.08803272:0.08803272:0.08803272:0.08803272:0.08803272:0.08803272:0.08803272:0.08803272:0.08803272:0.08803272:0.08803272:0.08803272:0.08803272:0.08803272:0.08803272:0.08803272:0.08803272:0.08803272:0.08803272:0.08803272:0.08803272:0.08803272:0.08803272:0.08803272:0.08803272:0.08803272:0.08803272:0.08803272:0.08803272:0.08803272:0.08803272:0.08803272:0.08803272:0.08803272:0.08803272:0.08803272:0.08803272:0.08803272:0.08803272:0.08803272:0.08803272:0.08803272:0.08803272:0.08803272:0.143054:0.2200823:0.3191195:0.4071531:0.4951859:0.6272354:0.759285:0.8693256:0.9793673:1.144429:1.243466:1.38652:1.463549:1.584594:1.716643:1.716643:1.738652,0.06050587:0.06050587:0.06050587:0.06050587:0.06050587:0.06050587:0.06050587:0.06050587:0.06050587:0.06050587:0.06050587:0.06050587:0.06050587:0.06050587:0.06050587:0.06050587:0.06050587:0.06050587:0.06050587:0.06050587:0.06050587:0.06050587:0.06050587:0.06050587:0.06050587:0.06050587:0.06050587:0.06050587:0.06050587:0.06050587:0.06050587:0.06050587:0.06050587:0.06050587:0.06050587:0.06050587:0.06050587:0.06050587:0.06050587:0.06050587:0.06050587:0.06050587:0.06050587:0.06050587:0.06050587:0.06050587:0.06050587:0.06050587:0.06050587:0.06050587:0.06050587:0.06050587:0.06050587:0.06050587:0.06050587:0.06050587:0.06050587:0.08250833:0.08250833:0.1045102:0.1265126:0.1375139:0.1595157:0.170517:0.170517:0.170517
7/9/2018 11:09:21 AM,0,33,20,0,20,50,0.6626287,16,10,C->M->D->T,4,Touchscreen,1,1.584962,2.391932,2,-1.70272,3.844288,-1.815681,3.910891,-0.02200842,0.2145213,4,4.204499,0.05312672,-0.05312672,0.07431386,0,0,6,0,4.144903,1,80,-0.02200842:-0.02200842:-0.02200842:-0.02200842:-0.02200842:-0.02200842:-0.02200842:-0.02200842:-0.02200842:-0.02200842:-0.02200842:-0.02200842:-0.02200842:-0.02200842:-0.02200842:-0.02200842:-0.02200842:-0.02200842:-0.02200842:-0.02200842:-0.02200842:-0.02200842:-0.02200842:-0.02200842:-0.02200842:-0.02200842:-0.02200842:-0.02200842:-0.02200842:-0.02200842:-0.02200842:-0.02200842:-0.02200842:-0.02200842:-0.02200842:-0.02200842:-0.02200842:-0.02200842:-0.02200842:-0.02200842:-0.02200842:-0.02200842:-0.02200842:-0.02200842:-0.02200842:-0.02200842:-0.02200842:-0.05502081:-0.07702875:-0.1210456:-0.1430535:-0.2090783:-0.2640991:-0.3301239:-0.3961487:-0.4731774:-0.5502062:-0.616231:-0.6822557:-0.7922969:-0.8363137:-0.9133425:-1.001376:-1.100413:-1.166438:-1.287483:-1.375516:-1.452545:-1.529573:-1.606603:-1.650619:-1.683631:-1.716644:-1.738652:-1.749656:-1.782669:-1.804677:-1.804677:-1.815681:-1.815681,0.2145213:0.2145213:0.2145213:0.2145213:0.2145213:0.2145213:0.2145213:0.2145213:0.2145213:0.2145213:0.2145213:0.2145213:0.2145213:0.2145213:0.2145213:0.2145213:0.2145213:0.2145213:0.2145213:0.2145213:0.2145213:0.2145213:0.2145213:0.2145213:0.2145213:0.2145213:0.2145213:0.2145213:0.2145213:0.2145213:0.2145213:0.2145213:0.2145213:0.2145213:0.2145213:0.2145213:0.2145213:0.2145213:0.2145213:0.2145213:0.2145213:0.2145213:0.2145213:0.2145213:0.2145213:0.2145213:0.2145213:0.247525:0.2695268:0.3245324:0.3575355:0.4565459:0.5335534:0.6655663:0.7755774:0.8965898:1.039604:1.215622:1.325632:1.534653:1.644664:1.820682:1.9967:2.172718:2.293729:2.491749:2.656765:2.810781:2.931793:3.096809:3.19582:3.30583:3.426843:3.514851:3.624862:3.789879:3.866887:3.888889:3.910891:3.910891
7/9/2018 11:09:23 AM,0,33,21,0,21,50,0.7913094,16,10,C->M->D->T,4,Touchscreen,1,2,2.527456,2,-4.985589,3.580147,-4.940853,4.284928,-0.01100397,0.2255225,6,6.137878,0.2201241,0.1994383,0.2892354,1,0,5,0,6.444143,1,96,-0.01100397:-0.01100397:-0.01100397:-0.01100397:-0.01100397:-0.01100397:-0.01100397:-0.01100397:-0.01100397:-0.01100397:-0.01100397:-0.01100397:-0.01100397:-0.01100397:-0.01100397:-0.01100397:-0.01100397:-0.01100397:-0.01100397:-0.01100397:-0.01100397:-0.01100397:-0.01100397:-0.01100397:-0.01100397:-0.01100397:-0.01100397:-0.01100397:-0.01100397:-0.01100397:-0.01100397:-0.01100397:-0.01100397:-0.01100397:-0.01100397:-0.01100397:-0.01100397:-0.01100397:-0.01100397:-0.01100397:-0.01100397:-0.01100397:-0.01100397:-0.02200842:-0.06602478:-0.1320496:-0.2090783:-0.2971115:-0.4181566:-0.5171938:-0.6932602:-0.8583217:-1.133425:-1.265474:-1.540578:-1.749656:-1.969738:-2.156809:-2.420908:-2.596974:-2.828061:-3.015131:-3.224209:-3.367263:-3.59835:-3.752407:-3.961485:-4.093535:-4.280605:-4.368638:-4.5337:-4.610729:-4.742779:-4.819808:-4.874828:-4.907841:-4.918844:-4.918844:-4.929849:-4.929849:-4.929849:-4.929849:-4.929849:-4.929849:-4.929849:-4.929849:-4.929849:-4.929849:-4.929849:-4.940853:-4.940853:-4.940853:-4.940853:-4.940853:-4.940853:-4.940853,0.2255225:0.2255225:0.2255225:0.2255225:0.2255225:0.2255225:0.2255225:0.2255225:0.2255225:0.2255225:0.2255225:0.2255225:0.2255225:0.2255225:0.2255225:0.2255225:0.2255225:0.2255225:0.2255225:0.2255225:0.2255225:0.2255225:0.2255225:0.2255225:0.2255225:0.2255225:0.2255225:0.2255225:0.2255225:0.2255225:0.2255225:0.2255225:0.2255225:0.2255225:0.2255225:0.2255225:0.2255225:0.2255225:0.2255225:0.2255225:0.2255225:0.2255225:0.2255225:0.2365237:0.247525:0.2915293:0.3245324:0.3685367:0.4345435:0.489549:0.5885589:0.6875688:0.830583:0.907591:1.116612:1.281628:1.446645:1.611661:1.864687:2.051705:2.30473:2.524753:2.755775:2.89879:3.151815:3.316832:3.514851:3.635864:3.811881:3.877888:4.009901:4.064906:4.152915:4.19692:4.229923:4.262927:4.273927:4.273927:4.284928:4.284928:4.284928:4.284928:4.284928:4.284928:4.284928:4.284928:4.284928:4.284928:4.284928:4.284928:4.284928:4.284928:4.284928:4.284928:4.284928:4.284928
7/9/2018 11:09:24 AM,0,33,22,0,22,50,0.7018602,16,10,C->M->D->T,4,Touchscreen,1,1.584962,2.258231,1,1.695521,1.239262,1.936727,1.061606,-0.02200842,0.2145213,2,2.100134,0.106274,-0.106274,0.1251934,0,0,2,1,2.18317,1,84,-0.02200842:-0.02200842:-0.02200842:-0.02200842:-0.02200842:-0.02200842:-0.02200842:-0.02200842:-0.02200842:-0.02200842:-0.02200842:-0.02200842:-0.02200842:-0.02200842:-0.02200842:-0.02200842:-0.02200842:-0.02200842:-0.02200842:-0.02200842:-0.02200842:-0.02200842:-0.02200842:-0.02200842:-0.02200842:-0.02200842:-0.02200842:-0.02200842:-0.02200842:-0.02200842:-0.02200842:-0.02200842:-0.02200842:-0.02200842:-0.02200842:-0.02200842:-0.02200842:-0.03301239:-0.03301239:-0.03301239:-0.03301239:-0.03301239:-0.03301239:0:0.02200794:0.05502033:0.08803272:0.1320496:0.1980743:0.2751036:0.3301239:0.451169:0.5061893:0.6712513:0.7922974:0.9683628:1.0674:1.232462:1.342504:1.474553:1.57359:1.661623:1.716643:1.793673:1.804677:1.848693:1.859697:1.870702:1.89271:1.89271:1.89271:1.903714:1.903714:1.914718:1.914718:1.914718:1.936727:1.936727:1.936727:1.936727:1.936727:1.936727:1.936727:1.936727,0.2145213:0.2145213:0.2145213:0.2145213:0.2145213:0.2145213:0.2145213:0.2145213:0.2145213:0.2145213:0.2145213:0.2145213:0.2145213:0.2145213:0.2145213:0.2145213:0.2145213:0.2145213:0.2145213:0.2145213:0.2145213:0.2145213:0.2145213:0.2145213:0.2145213:0.2145213:0.2145213:0.2145213:0.2145213:0.2145213:0.2145213:0.2145213:0.2145213:0.2145213:0.2145213:0.2145213:0.2145213:0.2035201:0.2035201:0.2035201:0.2035201:0.2035201:0.2035201:0.2035201:0.2035201:0.2145213:0.2255225:0.2365237:0.2585256:0.2915293:0.3135312:0.3465348:0.3685367:0.4345435:0.489549:0.5555558:0.5885589:0.6655663:0.7095712:0.7755774:0.830583:0.8855885:0.9185916:0.9735972:0.9845984:1.017601:1.028603:1.039604:1.050605:1.050605:1.050605:1.050605:1.050605:1.050605:1.050605:1.050605:1.061606:1.061606:1.061606:1.061606:1.061606:1.061606:1.061606:1.061606
7/9/2018 11:09:25 AM,0,33,23,0,23,50,0.6367858,16,10,C->M->D->T,4,Touchscreen,1,2.321928,3.646325,1,-0.184158,-3.770728,-0.3191195,-4.009901,-0.01100397,0.2255225,4,3.775222,0.0533301,0.05241161,0.06205576,0,0,8,0,4.27225,1,77,-0.01100397:-0.01100397:-0.01100397:-0.01100397:-0.01100397:-0.01100397:-0.01100397:-0.01100397:-0.01100397:-0.01100397:-0.01100397:-0.01100397:-0.01100397:-0.01100397:-0.01100397:-0.01100397:-0.01100397:-0.01100397:-0.01100397:-0.01100397:-0.01100397:-0.01100397:-0.01100397:-0.01100397:-0.01100397:-0.01100397:-0.01100397:-0.01100397:-0.01100397:-0.01100397:-0.01100397:-0.01100397:-0.01100397:-0.01100397:-0.01100397:-0.01100397:0:0:0:-0.01100397:-0.02200842:-0.03301239:-0.04401636:-0.05502081:-0.06602478:-0.0880332:-0.1100411:-0.1320496:-0.1320496:-0.165062:-0.165062:-0.1870704:-0.2090783:-0.2200828:-0.2310867:-0.2420907:-0.2530947:-0.2530947:-0.2530947:-0.2530947:-0.2530947:-0.2530947:-0.2530947:-0.2530947:-0.2530947:-0.2530947:-0.2530947:-0.2640991:-0.2861071:-0.2971115:-0.3081155:-0.3191195:-0.3191195:-0.3191195:-0.3191195:-0.3191195:-0.3191195,0.2255225:0.2255225:0.2255225:0.2255225:0.2255225:0.2255225:0.2255225:0.2255225:0.2255225:0.2255225:0.2255225:0.2255225:0.2255225:0.2255225:0.2255225:0.2255225:0.2255225:0.2255225:0.2255225:0.2255225:0.2255225:0.2255225:0.2255225:0.2255225:0.2255225:0.2255225:0.2255225:0.2255225:0.2255225:0.2255225:0.2255225:0.2255225:0.2255225:0.2255225:0.2255225:0.2255225:0.2145213:0.2145213:0.2145213:0.2035201:0.1815182:0.1595157:0.1485151:0.1155114:0.08250833:0.01650155:-0.01650155:-0.1375139:-0.2035204:-0.3575358:-0.4675469:-0.6325632:-0.7535753:-0.9515953:-1.094609:-1.30363:-1.765676:-1.941694:-2.19472:-2.337734:-2.568757:-2.777778:-2.777778:-2.920792:-3.063806:-3.20682:-3.294829:-3.415842:-3.514851:-3.646865:-3.723872:-3.789879:-3.844885:-3.910891:-3.943894:-3.976898:-3.9989
7/9/2018 11:09:27 AM,0,33,24,0,24,50,0.8755337,16,10,C->M->D->T,4,Touchscreen,1,2.807355,3.20645,1,-5.822931,-1.264947,-6.162311,-1.413641,-0.01100397,0.2255225,6,5.958743,0.03592391,0.01449688,0.05005764,0,0,11,0,6.403104,1,106,-0.01100397:-0.01100397:-0.01100397:-0.01100397:-0.01100397:-0.01100397:-0.01100397:-0.01100397:-0.01100397:-0.01100397:-0.01100397:-0.01100397:-0.01100397:-0.01100397:-0.01100397:-0.01100397:-0.01100397:-0.01100397:-0.01100397:-0.01100397:-0.01100397:-0.01100397:-0.01100397:-0.01100397:-0.01100397:-0.01100397:-0.01100397:-0.01100397:-0.01100397:-0.01100397:-0.01100397:-0.01100397:-0.01100397:-0.01100397:-0.01100397:-0.01100397:-0.01100397:-0.01100397:-0.02200842:-0.06602478:-0.1210456:-0.1870704:-0.2861071:-0.4071527:-0.5722146:-0.7372766:-0.9573588:-1.166438:-1.375516:-1.595598:-1.815681:-2.002751:-2.156809:-2.332875:-2.685007:-2.685007:-2.762036:-2.872077:-3.015131:-3.158185:-3.323246:-3.455296:-3.609354:-3.730399:-3.906465:-4.005502:-4.192572:-4.291609:-4.434663:-4.555708:-4.72077:-4.896836:-5.03989:-5.182943:-5.325997:-5.392022:-5.513067:-5.590096:-5.667125:-5.722146:-5.788171:-5.854196:-5.92022:-5.953233:-6.030262:-6.052269:-6.096286:-6.118294:-6.129298:-6.151307:-6.151307:-6.151307:-6.151307:-6.151307:-6.162311:-6.162311:-6.162311:-6.162311:-6.162311:-6.162311:-6.162311:-6.162311:-6.162311:-6.162311:-6.162311:-6.162311,0.2255225:0.2255225:0.2255225:0.2255225:0.2255225:0.2255225:0.2255225:0.2255225:0.2255225:0.2255225:0.2255225:0.2255225:0.2255225:0.2255225:0.2255225:0.2255225:0.2255225:0.2255225:0.2255225:0.2255225:0.2255225:0.2255225:0.2255225:0.2255225:0.2255225:0.2255225:0.2255225:0.2255225:0.2255225:0.2255225:0.2255225:0.2255225:0.2255225:0.2255225:0.2255225:0.2255225:0.2255225:0.2255225:0.2365237:0.2365237:0.2365237:0.2365237:0.2255225:0.2035201:0.1595157:0.1155114:0.06050587:0.005500317:-0.03850371:-0.09350926:-0.1485148:-0.1815182:-0.2145216:-0.2475247:-0.3355336:-0.3355336:-0.3465346:-0.3795379:-0.4235423:-0.4675469:-0.5225521:-0.5665568:-0.6215623:-0.6655666:-0.7315731:-0.7755774:-0.8415842:-0.8635864:-0.9075907:-0.9295928:-0.9515953:-0.9955996:-1.028603:-1.061606:-1.094609:-1.116612:-1.149615:-1.171617:-1.193619:-1.215621:-1.237624:-1.259626:-1.270627:-1.292629:-1.336634:-1.347635:-1.369637:-1.380638:-1.391639:-1.40264:-1.40264:-1.40264:-1.40264:-1.40264:-1.413641:-1.413641:-1.413641:-1.413641:-1.413641:-1.413641:-1.413641:-1.413641:-1.413641:-1.413641:-1.413641:-1.413641
7/9/2018 11:09:28 AM,0,33,25,0,25,50,0.58474,16,10,C->M->D->T,4,Touchscreen,1,1.321928,2.260711,2,2.899845,0.9514416,3.41128,1.215622,-0.01100397,0.2255225,3,3.051941,0.02022214,0.01962409,0.03874874,1,0,7,0,3.576227,1,71,-0.01100397:-0.01100397:-0.01100397:-0.01100397:-0.01100397:-0.01100397:-0.01100397:-0.01100397:-0.01100397:-0.01100397:-0.01100397:-0.01100397:-0.01100397:-0.01100397:-0.01100397:-0.01100397:-0.01100397:-0.01100397:-0.01100397:-0.01100397:-0.01100397:-0.01100397:-0.01100397:-0.01100397:-0.01100397:-0.01100397:-0.01100397:-0.01100397:-0.01100397:-0.01100397:-0.01100397:-0.01100397:-0.01100397:-0.01100397:-0.01100397:-0.01100397:-0.01100397:-0.01100397:-0.01100397:-0.01100397:-0.01100397:-0.01100397:-0.01100397:-0.01100397:-0.01100397:-0.01100397:-0.01100397:0.02200794:0.05502033:0.1100416:0.165062:0.2530947:0.3851442:0.4951859:0.6822557:0.8253098:1.056396:1.276479:1.551581:1.727648:1.991747:2.222834:2.497937:2.651995:2.861073:3.048143:3.180193:3.312243:3.367263:3.41128:3.41128,0.2255225:0.2255225:0.2255225:0.2255225:0.2255225:0.2255225:0.2255225:0.2255225:0.2255225:0.2255225:0.2255225:0.2255225:0.2255225:0.2255225:0.2255225:0.2255225:0.2255225:0.2255225:0.2255225:0.2255225:0.2255225:0.2255225:0.2255225:0.2255225:0.2255225:0.2255225:0.2255225:0.2255225:0.2255225:0.2255225:0.2255225:0.2255225:0.2255225:0.2255225:0.2255225:0.2255225:0.2255225:0.2255225:0.2255225:0.2255225:0.2255225:0.2255225:0.2255225:0.2255225:0.2255225:0.2255225:0.2255225:0.2255225:0.2365237:0.247525:0.2695268:0.2915293:0.3355336:0.3685367:0.4235423:0.4675466:0.5335534:0.5995601:0.6655663:0.7205719:0.7975799:0.8635861:0.9405941:0.9845984:1.039604:1.094609:1.138614:1.182618:1.182618:1.204621:1.215622